Word,Regency Pronunciation,Cambridge Dictionary Link,Note,
Abergavenny,aber-GEN-ee,https://dictionary.cambridge.org/dictionary/english/abergavenny,Aristocratic title/place,
Abeyance,uh-BAY-unss,https://dictionary.cambridge.org/dictionary/english/abeyance,Legal state of temporary disuse (Common in Regency inheritance),
Acai,ah-sah-EE,https://dictionary.cambridge.org/dictionary/english/acai,,
Acheson,AT-chi-sun,https://dictionary.cambridge.org/dictionary/english/acheson,Surname,
Acquiesce,ack-wee-ess,https://dictionary.cambridge.org/dictionary/english/acquiesce,Accept reluctantly,
Actually,AK-choo-ul-lee,https://dictionary.cambridge.org/dictionary/english/actually,,
Admirable,AD-mruh-bul,https://dictionary.cambridge.org/dictionary/english/admirable,Three syllables; stress on first,
Admiral,AD-mi-rul,https://dictionary.cambridge.org/dictionary/english/admiral,,
Affluence,AF-loo-unss,https://dictionary.cambridge.org/dictionary/english/affluence,Stress on 1st syllable,
Ague,AY-gyoo,https://dictionary.cambridge.org/dictionary/english/ague,Two syllables (Fever/Chills),
Aide-de-camp,AYD-duh-KAMP,https://dictionary.cambridge.org/dictionary/english/aide-de-camp,Military officer acting as an assistant,
Alacrity ,uh-LAK-rit-ee ,https://dictionary.cambridge.org/dictionary/english/alacrity ,Eagerness. Note the stress on the second syllable ,
Albedo,al-BEE-doh,https://dictionary.cambridge.org/dictionary/english/albedo,Reflectivity,
Albeit,all-BEE-it,https://dictionary.cambridge.org/dictionary/english/albeit,,
Alight,uh-lyte,https://dictionary.cambridge.org/dictionary/english/alight,Get down from,
Almack's,all-maks,https://dictionary.cambridge.org/dictionary/english/almack-s,The assembly rooms,
Almond ,AH-mund ,https://dictionary.cambridge.org/dictionary/english/almond,"The ""L"" is silent in the primary Oxford pronunciation ",
Alnwick,AN-nick,https://dictionary.cambridge.org/dictionary/english/alnwick,,
Alresford,OLLS-ford,https://dictionary.cambridge.org/dictionary/english/alresford,Hampshire location,
Altrincham,OL-tring-um,https://dictionary.cambridge.org/dictionary/english/altrincham,Northern town,
Alumnae,uh-LUM-nee,https://dictionary.cambridge.org/dictionary/english/alumnae,Feminine plural (ends in 'nee'),
Amanuensis,uh-man-yoo-EN-sis,https://dictionary.cambridge.org/dictionary/english/amanuensis,A literary assistant/scribe,
Amesbury,AYMZ-bree,https://dictionary.cambridge.org/dictionary/english/amesbury,Location,
Anathema,uh-NATH-uh-muh,https://dictionary.cambridge.org/dictionary/english/anathema,Something one vehemently dislikes,
Anemone,uh-NEM-uh-nee,https://dictionary.cambridge.org/dictionary/english/anemone,Four distinct syllables,
Anise,AN-iss,https://dictionary.cambridge.org/dictionary/english/anise,,
Anisotropy,an-eye-SOT-ruh-pee,https://dictionary.cambridge.org/dictionary/english/anisotropy,Directional dependence,
Annuity,uh-new-ih-tee,https://dictionary.cambridge.org/dictionary/english/annuity,Yearly income,
Antarctic,ANT-ark-tik,https://dictionary.cambridge.org/dictionary/english/antarctic,,
Apothecary,a-poth-uh-ker-ee,https://dictionary.cambridge.org/dictionary/english/apothecary,"In Regency, this is a five-syllable word. Avoid compressing it to ""uh-poth-ka-ree."" ",
Applicable,AP-lik-uh-bul,https://dictionary.cambridge.org/dictionary/english/applicable,,
Appurtenance,uh-PUR-tuh-nens,https://dictionary.cambridge.org/dictionary/english/appurtenance,Legal addition to property,
Appurtenances,uh-PUR-tuh-nunt-siz,https://dictionary.cambridge.org/dictionary/english/appurtenance,Accessories or associated items for a style of living,
Apropos,ap-ruh-POH,https://dictionary.cambridge.org/dictionary/english/apropos,,
Aquiline ,AK-wih-lyn ,https://dictionary.cambridge.org/dictionary/english/aquiline ,"Like an eagle (often describing a hero's nose). Rhymes with ""fine,"" not ""fin."" ",
Archdeacon,ARCH-dee-kun,https://dictionary.cambridge.org/dictionary/english/archdeacon,,
Archiepiscopal,ar-kee-ih-PIS-kuh-pul,https://dictionary.cambridge.org/dictionary/english/archiepiscopal,Stress on the fourth syllable,
Architect,AR-kih-tekt,https://dictionary.cambridge.org/dictionary/english/architect,,
Arctic,ARK-tik,https://dictionary.cambridge.org/dictionary/english/arctic,,
Armoire,arm-WAHR,https://dictionary.cambridge.org/dictionary/english/armoire,A tall  ornate cupboard or wardrobe,
Arnaud,ar-NOH,https://dictionary.cambridge.org/dictionary/english/arnaud,Surname; silent 'd',
Arriviste,a-ree-VEEST,https://dictionary.cambridge.org/dictionary/english/arriviste,An ambitious or ruthless social climber,
Artillery,ar-TIL-ree,https://dictionary.cambridge.org/dictionary/english/artillery,Three syllables (Swallow the 'e'),
Arundel,uh-RUN-dul,https://dictionary.cambridge.org/dictionary/english/arundel,,
Ascribed,uh-SKRYBD,https://dictionary.cambridge.org/dictionary/english/ascribe,,
Aspirin,Brittish: AS-pih-rin American: AS-prin,https://dictionary.cambridge.org/dictionary/english/aspirin,British three syllables,
Assiduity,ass-ih-dew-ity,https://dictionary.cambridge.org/dictionary/english/assiduity,Diligent effort,
Assiduous,uh-sid-yoo-us,https://dictionary.cambridge.org/dictionary/english/assiduous,Showing care,
Asterisk,AS-tuh-risk,https://dictionary.cambridge.org/dictionary/english/asterisk,"Often mispronounced as ""aster-ix""",
Asthma,AZ-muh,https://dictionary.cambridge.org/dictionary/english/asthma,,
Athlete,ATH-leet,https://dictionary.cambridge.org/dictionary/english/athlete,,
Attorney,uh-turn-ee,https://dictionary.cambridge.org/dictionary/english/attorney,Legal agent,
Aubosson,OH-bus-son,https://dictionary.cambridge.org/dictionary/french-english/aubusson,The carpet/tapestry,
Avarice,av-uh-riss,https://dictionary.cambridge.org/dictionary/english/avarice,Greed,
Average,AV-rij,https://dictionary.cambridge.org/dictionary/english/average,Two syllables,
Azimuth,AZ-ih-muth,https://dictionary.cambridge.org/dictionary/english/azimuth,Horizontal angle,
Bachelor,BATCH-ler,https://dictionary.cambridge.org/dictionary/english/bachelor,Two syllables (The ultimate Regency status),
Bade,bad (rhymes with had),https://dictionary.cambridge.org/dictionary/english/bade,Regency avoids 'bay-ded',
Badinage ,BAD-in-ahzh ,https://dictionary.cambridge.org/dictionary/english/badinage ,"Playful ridicule. Not ""buh-DIN-ij ",
Bagehot,BADGE-ut,https://dictionary.cambridge.org/dictionary/english/bagehot,Famous economist/surname,
Barbarous ,BAR-bruh-uss ,https://dictionary.cambridge.org/dictionary/english/barbarous ,Strictly three syllables ,
Baron,BAH-run,https://dictionary.cambridge.org/dictionary/english/baron,,
Baroness,BAH-run-ess,https://dictionary.cambridge.org/dictionary/english/baroness,,
Baronet,bear-uh-NET,https://dictionary.cambridge.org/dictionary/english/baronet,,
Barouche,bah-roosh,https://dictionary.cambridge.org/dictionary/english/barouche,Large carriage,
Barrister,bear-iss-ter,https://dictionary.cambridge.org/dictionary/english/barrister,Legal counsel,
Bas-relief,BAH-ri-LEEF,https://dictionary.cambridge.org/dictionary/english/bas-relief,Sculpture where figures project slightly from the background,
Battery,BAT-ree,https://dictionary.cambridge.org/dictionary/english/battery,Two syllables,
Beau ,BOH,https://dictionary.cambridge.org/dictionary/english/beau,,
Beauchamp,BEECH-um,https://dictionary.cambridge.org/dictionary/english/beauchamp,,
Beaulieu,BYOO-lee,https://dictionary.cambridge.org/dictionary/english/beaulieu,,
Bedfordshire,bed-furd-sheer,https://dictionary.cambridge.org/dictionary/english/bedfordshire,County,
Bedraggled,bih-DRAG-uld,https://dictionary.cambridge.org/dictionary/english/bedraggled,Dirty and disheveled,
Belgrave,bel-grayv,https://dictionary.cambridge.org/dictionary/english/belgrave,Fashionable square,
Belvoir,BEE-ver,https://dictionary.cambridge.org/dictionary/english/belvoir,,
Beneficence,beh-NEF-ih-sens,https://dictionary.cambridge.org/dictionary/english/beneficence,The quality of being kind,
Bergère,ber-ZHAIR,https://dictionary.cambridge.org/dictionary/english/bergere,Upholstered armchair with closed sides,
Berkeley,BARK-lee,https://dictionary.cambridge.org/dictionary/english/berkeley,,
Berkeley Square,BARK-lee,https://dictionary.cambridge.org/dictionary/english/berkeley,,
Bertie,BAR-tee,https://dictionary.cambridge.org/dictionary/english/bertie,,
Berwick-upon-Tweed,BER-rick,https://dictionary.cambridge.org/dictionary/english/berwick,,
Bessel,BESS-ul,https://dictionary.cambridge.org/dictionary/english/bessel,Rhymes with 'vessel',
Bethune,BEE-tun,https://dictionary.cambridge.org/dictionary/english/bethune,Surname,
Beverage,BEV-rij,https://dictionary.cambridge.org/dictionary/english/beverage,Two syllables,
Bicester,BIS-ter,https://dictionary.cambridge.org/dictionary/english/bicester,,
Billet-doux,BILL-ay-doo,https://dictionary.cambridge.org/dictionary/english/billet-doux,,
Bishop,BISH-up,https://dictionary.cambridge.org/dictionary/english/bishop,,
Blindness,BLYND-ness,https://dictionary.cambridge.org/dictionary/english/blindness,,
Blyth,BLYTHE (rhymes with scythe),https://dictionary.cambridge.org/dictionary/english/blyth,Common surname/place,
Boatswain,BOH-sun,https://dictionary.cambridge.org/dictionary/english/boatswain,,
Bodice,bod-iss,https://dictionary.cambridge.org/dictionary/english/bodice,Upper garment,
Bombazine,BUM-buh-zeen,https://dictionary.cambridge.org/dictionary/english/bombazine,,
Bon mot,BOH moh,https://dictionary.cambridge.org/dictionary/english/bon-mot,Witty remark; French,
Bon ton,BOHN TAHN,https://dictionary.cambridge.org/dictionary/english/bon-ton,"The fashionable elite; literally ""good tone""",
Bons mots,BOH MOHZ,https://dictionary.cambridge.org/dictionary/english/bon-mot,"Plural of ""bon mot""; witty remarks",
Bordering,BORD-ring,https://dictionary.cambridge.org/dictionary/english/bordering,Two syllables,
Borgia,BOR-juh,https://dictionary.cambridge.org/dictionary/english/borgia,Renaissance family known for danger,
Bosanquet,BO-zun-ket,https://dictionary.cambridge.org/dictionary/english/bosanquet,Huguenot-derived name,
Boudoir,BOO-dwahr,https://dictionary.cambridge.org/dictionary/english/boudoir,A woman's private sitting room or bedroom,
Boundary,BOWN-dree,https://dictionary.cambridge.org/dictionary/english/boundary,Two syllables,
Bourgeois,BOOR-zhwah,https://dictionary.cambridge.org/dictionary/english/bourgeois,,
Bournemouth,BORN-muth,https://dictionary.cambridge.org/dictionary/english/bournemouth,,
Bowline,BOH-lin,https://dictionary.cambridge.org/dictionary/english/bowline,Rhymes with 'stolen',
Braggadocio,brag-uh-DOH-chee-oh,https://dictionary.cambridge.org/dictionary/english/braggadocio,Boastful behavior,
Breadths,BRED-ths,https://dictionary.cambridge.org/dictionary/english/breadth,,
Breeches,BRIT-chiz,https://dictionary.cambridge.org/dictionary/english/breeches,Never 'bree-ches',
Brigand,BRIG-und,https://dictionary.cambridge.org/dictionary/english/brigand,Ambush gang member,
Broadcloth,BRAWD-kloth,https://dictionary.cambridge.org/dictionary/english/broadcloth,Heavy wool for sturdy upholstery ,
Brocade,bro-CADE,https://dictionary.cambridge.org/dictionary/english/brocade,Stress second syllable,
Brocades,bruh-KAYDZ,https://dictionary.cambridge.org/dictionary/english/brocade,Rich woven fabric,
Brougham,BROOM,https://dictionary.cambridge.org/dictionary/english/brougham,,
Bruited,BRU-it-ted,https://dictionary.cambridge.org/dictionary/english/bruited,Widely reported,
Bruschetta,broo-SKET-tuh,https://dictionary.cambridge.org/dictionary/english/bruschetta,,
Buckram,buck-rum,https://dictionary.cambridge.org/dictionary/english/buckram,Stiffened cloth,
Buoyant,BOY-unt,https://dictionary.cambridge.org/dictionary/english/buoyant,,
Bury,BER-ee,https://dictionary.cambridge.org/dictionary/english/bury,Rhymes with 'berry' (not 'fury'),
Business,BIZ-niss,https://dictionary.cambridge.org/dictionary/english/business,Not 'busy-ness',
Butter,BUT-ter,https://dictionary.cambridge.org/dictionary/english/butter,,
Button,BUT-tun,https://dictionary.cambridge.org/dictionary/english/button,,
Cabinet,KAB-nit,https://dictionary.cambridge.org/dictionary/english/cabinet,Two syllables (The furniture or the council),
Cabriolet,kab-ree-uh-LAY,https://dictionary.cambridge.org/dictionary/english/cabriolet,A light two wheeled one horse carriage,
Cache,KASH,https://dictionary.cambridge.org/dictionary/english/cache,,
Cachet,kash-AY,https://dictionary.cambridge.org/dictionary/english/cachet,,
Cadogan,kuh-DUG-un,https://dictionary.cambridge.org/dictionary/english/cadogan,Famous London estate/square,
Camera,KAM-er-uh,https://dictionary.cambridge.org/dictionary/english/camera,,
Canaille,kuh-NYE,https://dictionary.cambridge.org/dictionary/english/canaille,The vulgar masses or rabble,
Candidate,KAN-dih-dayt,https://dictionary.cambridge.org/dictionary/english/candidate,,
Capillary,kuh-PIL-uh-ree,https://dictionary.cambridge.org/dictionary/english/capillary,Stress on second syllable (British),
Caprice,kuh-preess,https://dictionary.cambridge.org/dictionary/english/caprice,Sudden whim,
Captain,KAP-tun,https://dictionary.cambridge.org/dictionary/english/captain,,
Caramel,KAR-uh-mul,https://dictionary.cambridge.org/dictionary/english/caramel,Three syllables in British/Regency; 'KAR-mul' is US modern,
Carte blanche,KART BLANSH,https://dictionary.cambridge.org/dictionary/english/carte-blanche,Complete freedom to act as one wishes,
Catholic,KATH-lik,https://dictionary.cambridge.org/dictionary/english/catholic,Two syllables in historical context,
Cause célèbre,KOHZ suh-LEB-ruh,https://dictionary.cambridge.org/dictionary/english/cause-celebre,A controversial issue that attracts great public attention,
Cavalier,kav-uh-LEER,https://dictionary.cambridge.org/dictionary/english/cavalier,"Lack of proper concern; ""monstrously unfair"" (Ch 22)",
Cavalry,KAV-ul-ree,https://dictionary.cambridge.org/dictionary/english/cavalry,,
Certain,SER-tun,https://dictionary.cambridge.org/dictionary/english/certain,,
Cervical ,SUR-vih-kul ,https://dictionary.cambridge.org/dictionary/english/cervical,"In medical/technical narration, the stress is on the first syllable. ser-VY-kul is a common ""layman"" drift. ",
Chafe,chayf,https://dictionary.cambridge.org/dictionary/english/chafe,Become annoyed,
Chaise longue,SHAYZ LONG,https://dictionary.cambridge.org/dictionary/english/chaise-longue,"A long sofa; never say ""lounge""",
Chamberlain,chame-ber-lin,https://dictionary.cambridge.org/dictionary/english/chamberlain,Official title,
Chambre à coucher,SHAHM-bruh-ah-koo-SHAY,https://dictionary.cambridge.org/dictionary/english/chambre,Bedroom; used in highly formal or architectural contexts,
Chamois,SHAM-wah,https://dictionary.cambridge.org/dictionary/english/chamois,"Soft leather; ""SHAM-wah"" or ""SHAM-ee""",
Chandelier,shan-duh-LEER,https://dictionary.cambridge.org/dictionary/english/chandelier,"Ornate hanging light; watch the ""sh"" sound",
Chaos,KAY-oss,https://dictionary.cambridge.org/dictionary/english/chaos,,
Chaperon,SHAP-uh-rohn,https://dictionary.cambridge.org/dictionary/english/chaperon,"Older woman accompanying a debutante; ""sh"" sound",
Charade,shuh-RAHD,https://dictionary.cambridge.org/dictionary/english/charade,"Absurd pretense; ""RAHD"" not ""RAYD""",
Charcuterie,shahr-KOO-tuh-ree,https://dictionary.cambridge.org/dictionary/english/charcuterie,,
Chargé d'affaires,shar-ZHAY dah-FAIR,https://dictionary.cambridge.org/dictionary/english/charge-d-affaires,A diplomatic official; high-status title,
Chassis,SHASS-ee,https://dictionary.cambridge.org/dictionary/english/chassis,,
Chattering,CHAT-ring,https://dictionary.cambridge.org/dictionary/english/chattering,Two syllables,
Chemise,shuh-meez,https://dictionary.cambridge.org/dictionary/english/chemise,Undergarment,
Chemisette ,shem-ih-ZET ,https://dictionary.cambridge.org/dictionary/english/chemise,A lace or fabric insert for a low neckline. ,
Chichester,CHIT-chi-ster,https://dictionary.cambridge.org/dictionary/english/chichester,,
Chiffonier,shif-uh-NEER,https://dictionary.cambridge.org/dictionary/english/chiffonier,Tall  elegant chest of drawers or sideboard,
Chignon,sheen-yon,https://dictionary.cambridge.org/dictionary/english/chignon,Hairstyle,
Chintz,chints,https://dictionary.cambridge.org/dictionary/english/chintz,Printed fabric,
Chipotle,chih-POAT-lay,https://dictionary.cambridge.org/dictionary/english/chipotle,,
Chiswick,chiz-ick,https://dictionary.cambridge.org/dictionary/english/chiswick,London district,
Chivalry,SHIV-ul-ree,https://dictionary.cambridge.org/dictionary/english/chivalry,Three syllables; swallow the middle 'a',
Chocolate,CHOK-uh-lit,https://dictionary.cambridge.org/dictionary/english/chocolate,,
Cholmondeley,CHUM-lee,https://dictionary.cambridge.org/dictionary/english/cholmondeley,,
Ci-devant,see-duh-VAHN,https://dictionary.cambridge.org/dictionary/english/ci-devant,Former; used for French aristocrats who lost titles in the Revolution,
Cicisbeo,chi-chiz-BAY-oh,https://dictionary.cambridge.org/dictionary/english/cicisbeo,Recognized escort of a married woman,
Cirencester,SIS-it-er,https://dictionary.cambridge.org/dictionary/english/cirencester,Archaic local (Regency standard),
Clambered,Clam-bird,https://dictionary.cambridge.org/dictionary/english/clamber,To climb awkwardly,
Clerisy,KLER-uh-see,https://dictionary.cambridge.org/dictionary/english/clerisy,Three syllables,
Cley,CLY (rhymes with sky),https://dictionary.cambridge.org/dictionary/english/cley,Coastal village,
Clothes,KLO-thz,https://dictionary.cambridge.org/dictionary/english/clothes,,
Cockburn,KO-burn,https://dictionary.cambridge.org/dictionary/english/cockburn,,
Coiffure,kwah-FYOOR,https://dictionary.cambridge.org/dictionary/english/coiffure,An elaborate hairstyle,
Colloquial,kuh-LOH-kwee-ul,https://dictionary.cambridge.org/dictionary/english/colloquial,Four syllables; ensure 'kwee' is crisp,
Colonel,KUR-nel,https://dictionary.cambridge.org/dictionary/english/colonel,,
Colquhoun,ko-HOON,https://dictionary.cambridge.org/dictionary/english/colquhoun,,
Comatose,KOH-muh-tohss,https://dictionary.cambridge.org/dictionary/english/comatose,,
Comfit,KUM-fit,https://dictionary.cambridge.org/dictionary/english/comfit,Sweets or candy,
Comfortable,KUM-fur-tuh-bul,https://dictionary.cambridge.org/dictionary/english/comfortable,,
Comme il faut,kum eel FOH,https://dictionary.cambridge.org/dictionary/english/comme-il-faut,As it should be; according to etiquette,
Commodore,KOM-uh-dor,https://dictionary.cambridge.org/dictionary/english/commodore,,
Comparable,KOM-pruh-bul,https://dictionary.cambridge.org/dictionary/english/comparable,,
Comte,kont,https://dictionary.cambridge.org/dictionary/french-english/comte,French Count,
Condescension,con-deh-sen-shun,https://dictionary.cambridge.org/dictionary/english/condescension,Patronizing behavior,
Conduit,KON-dwit,https://dictionary.cambridge.org/dictionary/english/conduit,,
Confectionery,kun-FEK-shun-ree,https://dictionary.cambridge.org/dictionary/english/confectionery,Four syllables (Swallow the second 'e'),
Confederate,kun-FED-er-ut,https://dictionary.cambridge.org/dictionary/english/confederate,Ally in a crime; short 'u',
Consanguinity,Con-sang-win-it-tee,https://dictionary.cambridge.org/pronunciation/english/consanguinity,,
Conservatory,con-serv-uh-tree,https://dictionary.cambridge.org/dictionary/english/conservatory,Compressed in UK,
Considerable,kun-SID-ruh-bul,https://dictionary.cambridge.org/dictionary/english/considerable,Four syllables; swallow the 'er',
Consols,kon-solz,https://dictionary.cambridge.org/dictionary/english/consols,Government bonds,
Consommé,kon-suh-MAY,https://dictionary.cambridge.org/dictionary/english/consomme,A clear soup made from richly flavored stock,
Consort,kun-SORT,https://dictionary.cambridge.org/dictionary/english/consort,Verb: to habitually associate with,
Conspiratorial,kun-speer-uh-TOR-ee-ul,https://dictionary.cambridge.org/dictionary/english/conspiratorial,Relating to a conspiracy,
Conspiratorially,kun-speer-uh-TOR-ee-uh-lee,https://dictionary.cambridge.org/dictionary/english/conspiratorially,Manner of a secret plan,
Consummate,con-SUM-mit,https://dictionary.cambridge.org/dictionary/english/consummate,Adjective form,
Contretemps,KON-truh-tahn,https://dictionary.cambridge.org/dictionary/english/contretemps,An unfortunate or embarrassing happenstance,
Contumely,KON-tyoo-muh-lee,https://dictionary.cambridge.org/dictionary/english/contumely,Four syllables; stress on 1st,
Conyngham,KUN-ning-um,https://dictionary.cambridge.org/dictionary/english/conyngham,Noble family name,
Copious,ko-pee-us,https://dictionary.cambridge.org/dictionary/english/copious,Abundant,
Copyhold,KOP-ee-hold,https://dictionary.cambridge.org/dictionary/english/copyhold,Type of land tenure,
Corinthian ,kuh-RIN-thee-un ,https://dictionary.cambridge.org/dictionary/english/corinthian,"A man of the ""ton"" who was a patron of sports (boxing, racing) and high fashion. ",
Cornice,KOR-nis,https://dictionary.cambridge.org/dictionary/english/cornice,Ornamental molding around the wall below the ceiling,
Corporate,KOR-prit,https://dictionary.cambridge.org/dictionary/english/corporate,Two syllables (Swallow the 'po'),
Corps,KOR,https://dictionary.cambridge.org/dictionary/english/corps,,
Corseted,COR-set-ed,https://dictionary.cambridge.org/dictionary/english/corset,Three distinct syllables,
Cortège,kor-TEZH,https://dictionary.cambridge.org/dictionary/english/cortege,A funeral procession or a solemn parade,
Costessey,KOS-ee,https://dictionary.cambridge.org/dictionary/english/costessey,Norfolk,
Coterie ,KOH-tuh-ree ,https://dictionary.cambridge.org/dictionary/english/coterie ,"A small group of people; rhymes with ""go"" at the start ",
Cotillion,ko-til-yun,https://dictionary.cambridge.org/dictionary/english/cotillion,Elaborate dance,
Countenance,kown-ten-ans,https://dictionary.cambridge.org/dictionary/english/countenance,Face/Expression,
Countess,COUNT-ess,https://dictionary.cambridge.org/dictionary/english/countess,,
Coup,Coo,https://dictionary.cambridge.org/dictionary/english/coup,Silent P,
Coupe,KOOP,https://dictionary.cambridge.org/dictionary/english/coupe,,
Coupon ,KOO-pon ,https://dictionary.cambridge.org/dictionary/english/coupon ,Never KYOO-pon ,
Couscous,KOOS-koos,https://dictionary.cambridge.org/dictionary/english/couscous,,
Cowper,KOOPER,https://dictionary.cambridge.org/dictionary/english/cowper,The poet (often mispronounced),
Cravat,kruh-VAT,https://dictionary.cambridge.org/dictionary/english/cravat,,
Crinoline,KRIN-uh-lin,https://dictionary.cambridge.org/dictionary/english/crinoline,,
Crisps,KRIS-ps,https://dictionary.cambridge.org/dictionary/english/crisps,,
Crockery,KROK-er-ee,https://dictionary.cambridge.org/dictionary/english/crockery,Plates and dishes,
Culinary,KUL-in-ree,https://dictionary.cambridge.org/dictionary/english/culinary,Three syllables (British standard),
Curate,KYUR-it,https://dictionary.cambridge.org/dictionary/english/curate,,
Curiosity,kyoor-ee-OSS-it-ee,https://dictionary.cambridge.org/dictionary/english/curiosity,Ensure five beats; avoid 'kyoor-oss-it-ee',
Curragh,KUR-uh,https://dictionary.cambridge.org/dictionary/english/curragh,A type of boat or a plain; common in Irish-set scenes,
Curricle,kur-ick-ul,https://dictionary.cambridge.org/dictionary/english/curricle,Two-wheeled carriage,
Curtilage,KUR-tih-lij,https://dictionary.cambridge.org/dictionary/english/curtilage,Land around a dwelling,
Cyprian ,SIP-ree-un ,link not found,"A common Regency euphemism for a ""woman of the night"" or high-class prostitute ",
D’Amico,dah-MEE-koh,https://dictionary.cambridge.org/dictionary/english/damico,Bella's surname; Italian,
Dais,DAY-iss,https://dictionary.cambridge.org/dictionary/english/dais,Avoid 'dye-as',
Dalziel,dee-ELL,https://dictionary.cambridge.org/dictionary/english/dalziel,,
Damask,dam-usk,https://dictionary.cambridge.org/dictionary/english/damask,Patterned fabric,
Data,DAY-tuh,https://dictionary.cambridge.org/dictionary/english/data,,
Davenport,dav-en-port,https://dictionary.cambridge.org/dictionary/english/davenport,Small desk,
Debris,duh-BREE,https://dictionary.cambridge.org/dictionary/english/debris,,
Débutante,deb-yoo-tant,https://dictionary.cambridge.org/dictionary/english/debutante,Young lady at court,
Debutante ,deb-yoo-tant,https://dictionary.cambridge.org/dictionary/english/debutante,Young lady at court,
Déclassé,day-klah-SAY,https://dictionary.cambridge.org/dictionary/english/declasse,Reduced in social status,
Décolletage,day-kol-TAHZH,https://dictionary.cambridge.org/dictionary/english/decolletage,Low neckline of a dress,
Decorative,DEK-ruh-tiv,https://dictionary.cambridge.org/dictionary/english/decorative,Three syllables in British standard; swallow the 'or',
Deficit,DEF-ih-sit,https://dictionary.cambridge.org/dictionary/english/deficit,,
Deign,dayn,https://dictionary.cambridge.org/dictionary/english/deign,To do something 'beneath' one,
Deliverance,duh-LIV-runss,https://dictionary.cambridge.org/dictionary/english/deliverance,Three syllables; swallow the 'er',
Delivery,duh-LIV-ree,https://dictionary.cambridge.org/dictionary/english/delivery,Three syllables; don't add a fourth,
Demesne,dih-MAYN,https://dictionary.cambridge.org/dictionary/english/demesne,Estate land,
Demi-monde,DEM-ee-mond,https://dictionary.cambridge.org/dictionary/english/demi-monde,A class of women on the fringes of respectable society,
Demonstrative ,duh-MON-struh-tiv ,https://dictionary.cambridge.org/dictionary/english/demonstrative ,"Unlike Demonstrate, the stress shifts to the second syllable ",
Demur,dih-MUR,https://dictionary.cambridge.org/dictionary/english/demur,,
Demurring,de-mur-ring,https://dictionary.cambridge.org/dictionary/english/demur,Objecting,
Dengue,DEN-gee,https://dictionary.cambridge.org/dictionary/english/dengue,,
Derby,DAR-bee,https://dictionary.cambridge.org/dictionary/english/derby,,
Des Voeux,DEVOO,https://dictionary.cambridge.org/dictionary/english/des-voeux,French-origin surname,
Déshabillé,dez-ah-BEE-ay,https://dictionary.cambridge.org/dictionary/english/deshabille,The state of being only partially dressed,
Desks,DES-ks,https://dictionary.cambridge.org/dictionary/english/desk,,
Desolate,DESS-uh-lut,https://dictionary.cambridge.org/dictionary/english/desolate,Adjective is two/three syllables; swallow the 'o',
Desperate,DESS-prut,https://dictionary.cambridge.org/dictionary/english/desperate,Two syllables,
Despicable,DESS-pik-uh-bul,https://dictionary.cambridge.org/dictionary/english/despicable,Stress the first syllable,
Desuetude ,DESS-wih-tyood ,https://dictionary.cambridge.org/dictionary/english/desuetude ,"State of disuse; a very ""Regency"" word for a crumbling estate. ",
Deteriorate,de-TEER-ee-or-ayt,https://dictionary.cambridge.org/dictionary/english/deteriorate,,
Diamond,DY-mund,https://dictionary.cambridge.org/dictionary/english/diamond,Strictly two syllables,
Dictionary,DIK-shun-ree,https://dictionary.cambridge.org/dictionary/english/dictionary,Swallow the penultimate syllable,
Dietary,DY-uh-tree,https://dictionary.cambridge.org/dictionary/english/dietary,Three syllables; swallow the 'a',
Difference,DIF-runss,https://dictionary.cambridge.org/dictionary/english/difference,Two syllables; swallow the 'er',
Different,DIF-runt,https://dictionary.cambridge.org/dictionary/english/different,Strictly two syllables,
Diffident,dif-fih-dent,https://dictionary.cambridge.org/dictionary/english/diffident,Shy/Lacking confidence,
Diffraction,dih-FRAK-shun,https://dictionary.cambridge.org/dictionary/english/diffraction,Wave behavior,
Dilate,DY-layt,https://dictionary.cambridge.org/dictionary/english/dilate,,
Dilation,dy-LAY-shun,https://dictionary.cambridge.org/dictionary/english/dilation,"Often misread as ""di-lat-ion""",
Diocese,DY-uh-siss,https://dictionary.cambridge.org/dictionary/english/diocese,Never 'die-oh-seese',
Diphtheria,DIF-theer-ee-uh,https://dictionary.cambridge.org/dictionary/english/diphtheria,,
Diphthong,DIF-thong,https://dictionary.cambridge.org/dictionary/english/diphthong,Apirated 'f' sound,
Disastrous,diz-AS-trus,https://dictionary.cambridge.org/dictionary/english/disastrous,,
Discovery,dis-KUV-ree,https://dictionary.cambridge.org/dictionary/english/discovery,Three syllables; swallow the second 'e',
Dissimulation,dih-sim-yoo-lay-shun,https://dictionary.cambridge.org/dictionary/english/dissimulation,Deception,
Distrait,dih-STRAY,https://dictionary.cambridge.org/dictionary/english/distrait,"Distracted or absent-minded; ""dih-STRAY"" (French)",
Divan,dih-VAN,https://dictionary.cambridge.org/dictionary/english/divan,Emphasis on 'van',
Divisiveness,dih-VY-siv-ness,https://dictionary.cambridge.org/dictionary/english/divisiveness,Tendency to cause disagreement,
Docile,DOE-syle,https://dictionary.cambridge.org/dictionary/english/docile,UK/Period standard,
Don Quixote ,don-kee-HOH-tee or DON KWIK-sut ,https://dictionary.cambridge.org/dictionary/english/quixotic ,Traditional British/Regency context: (DON KWIK-sut) ,
Double entendre,DOO-bluh on-TAHN-druh,https://dictionary.cambridge.org/dictionary/english/double-entendre,A word/phrase open to two interpretations (usually risqué),
Dowager,DOW-uh-jer,https://dictionary.cambridge.org/dictionary/english/dowager,,
Drapery,DRAY-pree,https://dictionary.cambridge.org/dictionary/english/drapery,Two syllables (Swallow the 'er'),
Draught,draft,https://dictionary.cambridge.org/dictionary/english/draught,As in beer or a breeze,
Drawer,DROR,https://dictionary.cambridge.org/dictionary/english/drawer,One syllable for furniture,
Drogheda,DRAW-duh,https://dictionary.cambridge.org/dictionary/english/drogheda,Irish title/place,
Dulwich,DUL-itch,https://dictionary.cambridge.org/dictionary/english/dulwich,,
Dumaresq,doo-MERR-ik,https://dictionary.cambridge.org/dictionary/english/dumaresq,Channel Island name,
Duodenum,doo-oh-DEE-num,https://dictionary.cambridge.org/dictionary/english/duodenum,Stress on 'DEE',
Earl of Home,HUME,https://dictionary.cambridge.org/dictionary/english/home,The Scottish Earls of Home,
Eau de Toilette,OH duh twah-LET,https://dictionary.cambridge.org/dictionary/english/eau-de-toilette,Scented water used in the grooming process,
Éclat,ay-KLAH,https://dictionary.cambridge.org/dictionary/english/eclat,Brilliant display or effect; social distinction,
Edamame,ed-uh-MAH-may,https://dictionary.cambridge.org/dictionary/english/edamame,,
Efficacy,eff-ih-kuh-see,https://dictionary.cambridge.org/dictionary/english/efficacy,Effectiveness,
Effrontery,uh-frun-ter-ee,https://dictionary.cambridge.org/dictionary/english/effrontery,Insolence,
Elaborate,ee-LAB-rit,https://dictionary.cambridge.org/dictionary/english/elaborate,Adjective is three syllables; swallow the 'o',
Elementary,el-uh-MEN-tree,https://dictionary.cambridge.org/dictionary/english/elementary,Four syllables; swallow the 'ta',
Ely,EE-lee,https://dictionary.cambridge.org/dictionary/english/ely,,
Embroider,em-BROY-der,https://dictionary.cambridge.org/dictionary/english/embroider,Ensure it doesn't drift to 'em-broid-er-y',
Émigré,EM-ih-gray,https://dictionary.cambridge.org/dictionary/english/emigre,A person who has left their country for political reasons,
En déshabillé,ahn dez-ah-BEE-ay,https://dictionary.cambridge.org/dictionary/english/deshabille,Partially dressed; in a state of undress,
En famille,ahn fah-MEE,https://dictionary.cambridge.org/dictionary/english/en-famille,In the privacy of the family circle,
En passant,ahn pah-SAHN,https://dictionary.cambridge.org/dictionary/english/en-passant,In passing; a common way for a narrator to describe a casual observation,
Ennui,on-WEE,https://dictionary.cambridge.org/dictionary/english/ennui,Listlessness/boredom arising from lack of occupation,
Enroughty,DAR-bee (This is not a typo. See note),https://dictionary.cambridge.org/dictionary/english/enroughty,"Yes, Enroughty is really pronounced Darby. It’s a Surname.",
Ensconced,en-SKONST,https://dictionary.cambridge.org/dictionary/english/ensconce,Settled comfortably,
Ensign,EN-sun,https://dictionary.cambridge.org/dictionary/english/ensign,,
Entail,en-TAYL,https://dictionary.cambridge.org/dictionary/english/entail,Inheritance restriction,
Entre nous,ahn-truh NOO,https://dictionary.cambridge.org/dictionary/english/entre-nous,Between us; used for sharing gossip or secrets,
Entrée,ON-tray,https://dictionary.cambridge.org/dictionary/english/entree,The right to enter; also a course in a meal,
Entrepreneur,ahn-truh-pruh-NUR,https://dictionary.cambridge.org/dictionary/english/entrepreneur,Stress on final syllable,
Epergne,eh-PERN,https://dictionary.cambridge.org/dictionary/english/epergne,An ornamental tiered centerpiece for a dining table,
Epitome,ih-PIT-uh-mee,https://dictionary.cambridge.org/dictionary/english/epitome,,
Epoch ,(EE-pok ,https://dictionary.cambridge.org/dictionary/english/epoch ,"British/Regency standard is a long 'E'. ""Eh-pock"" is the secondary Americanization ",
Err,UR,https://dictionary.cambridge.org/dictionary/english/err,Rhymes with 'her' (not 'air'),
Espresso,es-PRESS-oh,https://dictionary.cambridge.org/dictionary/english/espresso,,
Et cetera,et-SET-er-uh,https://dictionary.cambridge.org/dictionary/english/et-cetera,Four syllables. Avoid “et cetra”,
Etagère,ay-tah-zhair,https://dictionary.cambridge.org/dictionary/english/etagere,Piece of furniture,
Ethereal,ih-theer-ee-ul,https://dictionary.cambridge.org/dictionary/english/ethereal,Delicate/Heavenly,
Evening ,EEV-ning ,https://dictionary.cambridge.org/dictionary/english/evening ,"In professional narration, it is strictly two syllables. Avoid EE-vun-ing ",
Every,EV-ree,https://dictionary.cambridge.org/dictionary/english/every,Strictly two syllables,
Everything,EV-ree-thing,https://dictionary.cambridge.org/dictionary/english/everything,,
Ewer,YOO-er,https://dictionary.cambridge.org/dictionary/english/ewer,,
Exmouth,EX-muth,https://dictionary.cambridge.org/dictionary/english/exmouth,,
Extraordinary,ek-STROR-din-ree,https://dictionary.cambridge.org/dictionary/english/extraordinary,Never 'extra-ordinary'; usually four/five syllables,
Eyam,EEM,https://dictionary.cambridge.org/dictionary/english/eyam,Plague village,
Facade,fuh-SAHD,https://dictionary.cambridge.org/dictionary/english/facade,,
Fait accompli,fayt uh-kom-PLEE,https://dictionary.cambridge.org/dictionary/english/fait-accompli,A thing that has already happened/been decided,
Faltering,FAWL-tring,https://dictionary.cambridge.org/dictionary/english/faltering,Two syllables; common in dramatic dialogue,
Family,FAM-lee,https://dictionary.cambridge.org/dictionary/english/family,Two syllables in professional narration,
Fashionable,FASH-un-uh-bul,https://dictionary.cambridge.org/dictionary/english/fashionable,Four syllables (Swallow the second 'a'),
Fastidious,fass-tid-ee-us,https://dictionary.cambridge.org/dictionary/english/fastidious,Particular/Fussy,
Fastidiously,fa-STID-ee-us-lee,https://dictionary.cambridge.org/dictionary/english/fastidious,Great attention to detail,
Fauteuil,foh-TUY,https://dictionary.cambridge.org/dictionary/english/fauteuil,An upholstered armchair with open sides,
Faux pas,FOH PAH,https://dictionary.cambridge.org/dictionary/english/faux-pas,A social blunder; silent 'x' and 's',
Favorable,FAY-vor-uh-bul,https://dictionary.cambridge.org/dictionary/english/favorable,,
Favorite,FAY-vrit,https://dictionary.cambridge.org/dictionary/english/favorite,Two syllables in professional narration,
Featherstonhaugh,FAN-shaw,https://dictionary.cambridge.org/dictionary/english/featherstonhaugh,,
Febrile,FEB-ryle,https://dictionary.cambridge.org/dictionary/english/febrile,,
February,FEB-roo-er-ee,https://dictionary.cambridge.org/dictionary/english/february,Narrators often drop the first 'r',
Fête,fate,https://dictionary.cambridge.org/dictionary/french-english/fete,Outdoor festival,
Fête champêtre,fayt shahm-PET-ruh,https://dictionary.cambridge.org/dictionary/english/fete-champetre,"An elaborate outdoor garden party or ""rural festival""",
Fichu,FISH-oo,https://dictionary.cambridge.org/dictionary/english/fichu,Triangular lace scarf for necklines,
Fildes,FYLDS,https://dictionary.cambridge.org/dictionary/english/fildes,Surname,
Flaccid,FLAK-sid,https://dictionary.cambridge.org/dictionary/english/flaccid,Primary is 'FLAK-sid',
Flattering,FLAT-ring,https://dictionary.cambridge.org/dictionary/english/flattering,Two syllables (Essential for Regency social banter),
Flotsam,FLOT-sum,https://dictionary.cambridge.org/dictionary/english/flotsam,Floating wreckage,
Flower,FLOW-er,https://dictionary.cambridge.org/dictionary/english/flower,,
Fluorescence,floor-ESS-ens,https://dictionary.cambridge.org/dictionary/english/fluorescence,Avoid 'flur-essence',
Foliage,FO-lee-ij,https://dictionary.cambridge.org/dictionary/english/foliage,,
Folly,fol-ee,https://dictionary.cambridge.org/dictionary/english/folly,Ornamental building,
Forbade,For-bad,https://dictionary.cambridge.org/dictionary/english/forbade,Regency/UK standard,
Force majeure,FORS mah-ZHUR,https://dictionary.cambridge.org/dictionary/english/force-majeure,Unforeseeable circumstances that prevent a contract,
Forecastle,FOHK-sul,https://dictionary.cambridge.org/dictionary/english/forecastle,,
Forgotten,for-GOT-tun,https://dictionary.cambridge.org/dictionary/english/forgotten,,
Formidable,FOR-mid-uh-bul,https://dictionary.cambridge.org/dictionary/english/formidable,,
Forte,FOR-tay,https://dictionary.cambridge.org/dictionary/english/forte,Music: Loudly / Skill: fort,
Fountain,FOWN-tun,https://dictionary.cambridge.org/dictionary/english/fountain,,
Frederick,FRED-rik,https://dictionary.cambridge.org/dictionary/english/frederick,Given Name. Two sylables,
Fribble,FRIB-ul,https://dictionary.cambridge.org/dictionary/english/fribble,A trifling person,
Fricassee,frik-uh-SEE,https://dictionary.cambridge.org/dictionary/english/fricassee,A dish of stewed or fried pieces of meat served in a white sauce,
Friendship,FREND-ship,https://dictionary.cambridge.org/dictionary/english/friendship,,
Frieze,freez,https://dictionary.cambridge.org/dictionary/english/frieze,Heavy wool/Border,
Furbelow,fer-beh-low,https://dictionary.cambridge.org/dictionary/english/furbelow,Fabric trim,
Gainsay ,GAYN-say ,https://dictionary.cambridge.org/dictionary/english/gainsay ,To deny or contradict. Stress is on the first syllable ,
Gaiters,gay-terz,https://dictionary.cambridge.org/dictionary/english/gaiters,Leg coverings,
Gala,GAH-luh,https://dictionary.cambridge.org/dictionary/english/gala,Not 'gay-luh' in British/Regency,
Gallery,GAL-ree,https://dictionary.cambridge.org/dictionary/english/gallery,Two syllables,
Gamine,gam-een,https://dictionary.cambridge.org/dictionary/english/gamine,Boyish girl,
Gaol,JAYL,https://dictionary.cambridge.org/dictionary/english/gaol,,
Garrulous,gair-yuh-lus,https://dictionary.cambridge.org/dictionary/english/garrulous,Talkative,
Gathering,GATH-ring,https://dictionary.cambridge.org/dictionary/english/gathering,Two syllables,
Gaucherie,goh-shuh-REE,https://dictionary.cambridge.org/dictionary/english/gaucherie,Awkward or unsophisticated behavior,
Gauge,GAYZH,https://dictionary.cambridge.org/dictionary/english/gauge,Rhymes with 'sage',
General,JEN-er-ul,https://dictionary.cambridge.org/dictionary/english/general,,
Gentry,jen-tree,https://dictionary.cambridge.org/dictionary/english/gentry,Landowning class,
Geoghegan,GAY-gun,https://dictionary.cambridge.org/dictionary/english/geoghegan,Irish surname,
Giffard,JIFF-erd,https://dictionary.cambridge.org/dictionary/english/giffard,Ancient family name,
Gila,HEE-luh,https://dictionary.cambridge.org/dictionary/english/gila,River/Monster (if US-bound),
Gingham,ging-um,https://dictionary.cambridge.org/dictionary/english/gingham,Silent 'h',
Girandole,JEER-un-dohl,https://dictionary.cambridge.org/dictionary/english/girandole,An ornamental branched candlestick or mirror,
Glamis,GLAHMZ,https://dictionary.cambridge.org/dictionary/english/glamis,Castle name,
Glistening,GLISS-ning,https://dictionary.cambridge.org/dictionary/english/glistening,Two syllables,
Glitter,GLIT-ter,https://dictionary.cambridge.org/dictionary/english/glitter,,
Gloucester Road,GLOSS-ter,https://dictionary.cambridge.org/dictionary/english/gloucester,,
Glower,GLOW-er,https://dictionary.cambridge.org/dictionary/english/glower,,
Gnocchi,NYOH-kee,https://dictionary.cambridge.org/dictionary/english/gnocchi,,
Gnome,NOME,https://dictionary.cambridge.org/dictionary/english/gnome,,
Godmanchester,GUM-ster,https://dictionary.cambridge.org/dictionary/english/godmanchester,,
Goudhurst,GOWD-herst,https://dictionary.cambridge.org/dictionary/english/goudhurst,Kent location,
Gouvernante,GOO-ver-nahnt,https://dictionary.cambridge.org/dictionary/english/gouvernante,French term for a governess; implies higher status,
Governess,GUV-er-ness,https://dictionary.cambridge.org/dictionary/english/governess,,
Governor,GUV-ner,https://dictionary.cambridge.org/dictionary/english/governor,Strictly two syllables; never 'guv-er-nor',
Greatcoat,gray-t-coat,https://dictionary.cambridge.org/dictionary/english/greatcoat,Keep the 't' crisp,
Greenwich,GREN-itch,https://dictionary.cambridge.org/dictionary/english/greenwich,,
Gretna Green,GRET-nuh GREEN,https://dictionary.cambridge.org/dictionary/english/gretna-green,Village for runaway marriages,
Grievous,GREE-vus,https://dictionary.cambridge.org/dictionary/english/grievous,,
Grosvenor,GROVE-ner,https://dictionary.cambridge.org/dictionary/english/grosvenor,Silent 's',
Grosvenor Square,GROVE-ner,https://dictionary.cambridge.org/dictionary/english/grosvenor,,
Guinea,gin-ee,https://dictionary.cambridge.org/dictionary/english/guinea,21 shillings,
Gunwale,GUN-nel,https://dictionary.cambridge.org/dictionary/english/gunwale,,
Gyro,YEE-roh,https://dictionary.cambridge.org/dictionary/english/gyro,,
Hammercloth,HAM-er-kloth,https://dictionary.cambridge.org/dictionary/english/hammercloth,Draped cloth over the driver's seat ,
handily,Hand-ill-lee,https://dictionary.cambridge.org/dictionary/english/handily,Avoid 'han-duh-lee',
Handkerchief,HANG-ker-cheef,https://dictionary.cambridge.org/dictionary/english/handkerchief,,
Happening,HAP-ning,https://dictionary.cambridge.org/dictionary/english/happening,Two syllables,
Harewood,HAR-wood,https://dictionary.cambridge.org/dictionary/english/harewood,,
Hartshorn,harts-horn,https://dictionary.cambridge.org/dictionary/english/hartshorn,Ammonia/Smelling salts,
Harwich,HAR-idj,https://dictionary.cambridge.org/dictionary/english/harwich,Common port town; rhymes with 'carriage',
Hauteur,oh-TUR,https://dictionary.cambridge.org/dictionary/english/hauteur,"Arrogant manner; ""haughty"" behavior",
Heartrending,HART-ren-ding,https://dictionary.cambridge.org/dictionary/english/heartrending,Causing great distress,
Hegemony,hi-JEM-uh-nee,https://dictionary.cambridge.org/dictionary/english/hegemony,,
Heir,AIR,https://dictionary.cambridge.org/dictionary/english/heir,,
Herb,HERB,https://dictionary.cambridge.org/dictionary/english/herb,Pronounce the 'H' in UK context,
Hertford,HAR-ford,https://dictionary.cambridge.org/dictionary/english/hertford,County/Town,
Hessian,Hesh-un,https://dictionary.cambridge.org/dictionary/english/hessian,Fabric/Burlap,
Hessians,hesh-unz,https://dictionary.cambridge.org/dictionary/english/hessian,Tasselled boots,
Heuristic ,hyoo-RISS-tik ,https://dictionary.cambridge.org/dictionary/english/heuristic,"Often mispronounced as ""HER-is-tik ",
Hierarchical,hy-RAHR-ki-kul,https://dictionary.cambridge.org/dictionary/english/hierarchical,Stress on second syllable (RAHR),
Hierarchy,HY-er-ar-kee,https://dictionary.cambridge.org/dictionary/english/hierarchy,,
High Wycombe,HIGH WIK-um,https://dictionary.cambridge.org/dictionary/english/wycombe,,
History,HISS-tree,https://dictionary.cambridge.org/dictionary/english/history,Two syllables in standard British/Regency,
Holborn,HOE-burn,https://dictionary.cambridge.org/dictionary/english/holborn,,
Homage,HOM-ij,https://dictionary.cambridge.org/dictionary/english/homage,,
Horror,HOR-or,https://dictionary.cambridge.org/dictionary/english/horror,,
Hors de combat,OR duh kom-BAH,https://dictionary.cambridge.org/dictionary/english/hors-de-combat,Out of action; disabled in a struggle,
Hospitable,hos-PIT-uh-bul,https://dictionary.cambridge.org/dictionary/english/hospitable,,
Hummus,HOOM-us,https://dictionary.cambridge.org/dictionary/english/hummus,,
Hunstanton,HUN-stun,https://dictionary.cambridge.org/dictionary/english/hunstanton,,
Hyperbole,hy-PER-bo-lee,https://dictionary.cambridge.org/dictionary/english/hyperbole,,
Hypocaust,HY-poh-kawst,https://dictionary.cambridge.org/dictionary/english/hypocaust,"Underfloor heating a ""modern"" marvel in some period novels",
Iddesleigh,IDZ-lee,https://dictionary.cambridge.org/dictionary/english/iddesleigh,Devon title,
Ignominious,ig-nuh-min-ee-us,https://dictionary.cambridge.org/dictionary/english/ignominious,Shameful,
Ignominy,IG-nuh-min-ee,https://dictionary.cambridge.org/dictionary/english/ignominy,Stress on the first syllable,
Imaginary,ih-MAJ-in-ree,https://dictionary.cambridge.org/dictionary/english/imaginary,Four syllables (swallow the 'a'),
Imbroglio ,im-BROHL-yoh ,https://dictionary.cambridge.org/dictionary/english/imbroglio ,The 'g' is silent. It refers to a confused or complicated situation ,
Impecunious,im-peh-kyoon-ee-us,https://dictionary.cambridge.org/dictionary/english/impecunious,Penniless,
Imperiousness,im-PEER-ee-us-ness,https://dictionary.cambridge.org/dictionary/english/imperious,Arrogant and domineering,
Impious,im-pee-us,https://dictionary.cambridge.org/dictionary/english/impious,Lacking reverence,
Important,im-POR-tant,https://dictionary.cambridge.org/dictionary/english/important,,
Impotence,IM-puh-tunss,https://dictionary.cambridge.org/dictionary/english/impotence,Stress on the first syllable,
Impresario,im-pruh-SAR-ee-oh,https://dictionary.cambridge.org/dictionary/english/impresario,Organizer of public entertainments (Operas/Theaters),
Imprimatur,im-pri-MAH-ter,https://dictionary.cambridge.org/dictionary/english/imprimatur,Official approval or license to print,
Inamorata,in-am-uh-RAH-tuh,https://dictionary.cambridge.org/dictionary/english/inamorata,A woman with whom one is in love,
Inchoate,in-KOH-it,https://dictionary.cambridge.org/dictionary/english/inchoate,Three syllables; 'KOH' sound,
Incongruous,in-KONG-groo-uss,https://dictionary.cambridge.org/dictionary/english/incongruous,Stress on second syllable,
Incorrigible,in-kor-ih-jih-bul,https://dictionary.cambridge.org/dictionary/english/incorrigible,Cannot be corrected,
Indict,in-DYTE,https://dictionary.cambridge.org/dictionary/english/indict,,
Indignant,IN-di-jent,https://dictionary.cambridge.org/dictionary/english/indignant,Note the schwa/soft 'g',
Inexpressibles,in-ex-PRESS-ih-bulz,https://dictionary.cambridge.org/dictionary/english/inexpressibles,,
Infamous,IN-fuh-mus,https://dictionary.cambridge.org/dictionary/english/infamous,,
Influenza,in-floo-EN-zuh,https://dictionary.cambridge.org/dictionary/english/influenza,The sickness in the mews,
Ingénue,AN-zhuh-noo,https://dictionary.cambridge.org/dictionary/english/ingenue,An innocent or unsophisticated young woman,
Ingenue ,AN-zhuh-noo,https://dictionary.cambridge.org/dictionary/english/ingenue,An innocent or unsophisticated young woman,
Insipid,in-sip-id,https://dictionary.cambridge.org/dictionary/english/insipid,Flavorless/Boring,
Interesting ,IN-tris-ting ,https://dictionary.cambridge.org/dictionary/english/interesting,Never four syllables in high-end British narration. ,
Inured,in-yoord,https://dictionary.cambridge.org/dictionary/english/inure,Accustomed to,
Invalid,A sick person: IN-vuh-lid / Not valid: in-VAL-id ,https://dictionary.cambridge.org/dictionary/english/invalid,,
Inventory,IN-ven-tor-ee,https://dictionary.cambridge.org/dictionary/english/inventory,,
Irradiance,ih-RAY-dee-ens,https://dictionary.cambridge.org/dictionary/english/irradiance,Radiant flux,
Ischemia,iss-KEE-mee-uh,https://dictionary.cambridge.org/dictionary/english/ischemia,ch' is a 'k' sound,
Islet,EYE-let,https://dictionary.cambridge.org/dictionary/english/islet,,
Islington,IZ-ling-tun,https://dictionary.cambridge.org/dictionary/english/islington,The 's' is a 'z' sound,
Isotropy,eye-SOT-ruh-pee,https://dictionary.cambridge.org/dictionary/english/isotropy,Stress shifts to second syllable,
Isthmus,IS-muss,https://dictionary.cambridge.org/dictionary/english/isthmus,Silent 'th',
Iveagh,IVE-uh,https://dictionary.cambridge.org/dictionary/english/iveagh,Guinness family title,
Ivory,EYE-vree,https://dictionary.cambridge.org/dictionary/english/ivory,Two syllables (Common in descriptions of fans/keys),
Jackanape,JAK-uh-nayp,https://dictionary.cambridge.org/dictionary/english/jackanape,An impertinent or conceited person,
Jalapeño,hah-luh-PEN-yoh,https://dictionary.cambridge.org/dictionary/english/jalapeno,,
Jardinière,zhar-din-YAIR,https://dictionary.cambridge.org/dictionary/english/jardiniere,An ornamental pot or stand for plants,
Je ne sais quoi,zhuh nuh say KWAH,https://dictionary.cambridge.org/dictionary/english/je-ne-sais-quoi,An indefinable pleasing quality,
Jervaulx,JER-voh,https://dictionary.cambridge.org/dictionary/english/jervaulx,Abbey name,
Jewellery,JOOL-ree,https://dictionary.cambridge.org/dictionary/english/jewellery,Two syllables in standard British/Regency,
Jewelry,JOOL-ree,https://dictionary.cambridge.org/dictionary/english/jewelry,,
Jointure,JOIN-chur,https://dictionary.cambridge.org/dictionary/english/jointure,,
Joyous,JOY-us,https://dictionary.cambridge.org/dictionary/english/joyous,,
Keighley,KEETH-lee,https://dictionary.cambridge.org/dictionary/english/keighley,Yorkshire town,
Ker,KARR,https://dictionary.cambridge.org/dictionary/english/ker,Scottish border name,
Kerseymere,ker-zee-meer,https://dictionary.cambridge.org/dictionary/english/kerseymere,Fine wool,
Keswick,KEZ-ick,https://dictionary.cambridge.org/dictionary/english/keswick,,
Killer,KIL-ler,https://dictionary.cambridge.org/dictionary/english/killer,,
Kilmorey,kil-MUR-ee,https://dictionary.cambridge.org/dictionary/english/kilmorey,Irish peerage,
Kilometer,kil-OM-it-er,https://dictionary.cambridge.org/dictionary/english/kilometer,British stress on second syllable,
Kirkcudbright,kur-KOO-bree,https://dictionary.cambridge.org/dictionary/english/kirkcudbright,Scottish location,
Kitten,KIT-tun,https://dictionary.cambridge.org/dictionary/english/kitten,,
Knightsbridge,NYTES-brij,https://dictionary.cambridge.org/dictionary/english/knightsbridge,,
Knoll,NOHL,https://dictionary.cambridge.org/dictionary/english/knoll,,
Knollys,NOHLZ,https://dictionary.cambridge.org/dictionary/english/knollys,Rhymes with 'rolls',
Kombucha,kom-BOO-chuh,https://dictionary.cambridge.org/dictionary/english/kombucha,,
Lambeth,LAM-buth,https://dictionary.cambridge.org/dictionary/english/lambeth,,
Lamentable,LAM-en-tuh-bul,https://dictionary.cambridge.org/dictionary/english/lamentable,,
Landau ,LAN-daw ,link not found,A luxury four-wheeled carriage with a hood that can be opened. ,
Languid,lang-gwid,https://dictionary.cambridge.org/dictionary/english/languid,Slow/Relaxed,
Languor,lang-ger,https://dictionary.cambridge.org/dictionary/english/languor,Tiredness/Stillness,
Larceny,LAR-sun-ee,https://dictionary.cambridge.org/dictionary/english/larceny,Two or three syllables; swallow the 'ce',
Lascelles,LASS-ulz,https://dictionary.cambridge.org/dictionary/english/lascelles,Earl of Harewood,
Laudanum,law-duh-num,https://dictionary.cambridge.org/dictionary/english/laudanum,Opium tincture,
Laundry ,LAWN-dree ,https://dictionary.cambridge.org/dictionary/english/laundry ,Two syllables; avoid 'lawn-der-ee' ,
Lefevre,luh-FAY-ver,https://dictionary.cambridge.org/dictionary/english/lefevre,Common Regency surname,
Legged,Ley-Gid,https://dictionary.cambridge.org/pronunciation/english/legged,two sylables. Never “legd”,
Leicester,LESS-ter,https://dictionary.cambridge.org/dictionary/english/leicester,Square/Town,
Leicester Square,LESS-ter,https://dictionary.cambridge.org/dictionary/english/leicester,,
Leominster,LEM-ster,https://dictionary.cambridge.org/dictionary/english/leominster,,
Lettuce ,LET-iss ,https://dictionary.cambridge.org/dictionary/english/lettuce ,Rhymes with kiss. Never LET-uss ,
Leveson-Gower,LOO-sun-GORE,https://dictionary.cambridge.org/dictionary/english/leveson-gower,,
Liaison,lee-AY-zon,https://dictionary.cambridge.org/dictionary/english/liaison,A sexual relationship (usually illicit) or a link,
Library,LY-brar-ee,https://dictionary.cambridge.org/dictionary/english/library,,
Liege,LEEZH,https://dictionary.cambridge.org/dictionary/english/liege,One syllable; 'LEEZH',
Lieutenant,lef-TEN-unt,https://dictionary.cambridge.org/dictionary/english/lieutenant,,
Limbed,limmed,https://dictionary.cambridge.org/dictionary/english/limbed,Silent 'b',
Limner,LIM-ner,https://dictionary.cambridge.org/dictionary/english/limner,An artist; specifically one who paints miniatures/portraits,
Lingerie ,LAN-zhuh-ree ,https://dictionary.cambridge.org/dictionary/english/lingerie ,LAN-zhuh-ree (Standard British/French) ,
Litany,LIT-uh-nee,https://dictionary.cambridge.org/dictionary/english/litany,Three distinct syllables,
Literally,lit-er-uh-lee,https://dictionary.cambridge.org/dictionary/english/literally,,
Literary,LIT-ruh-ree,https://dictionary.cambridge.org/dictionary/english/literary,Compressed to three or four syllables,
Literature,LIT-ruh-cher,https://dictionary.cambridge.org/dictionary/english/literature,Three syllables preferred in high-style,
Liveried,LIV-er-eed,https://dictionary.cambridge.org/dictionary/english/liveried,Servants in uniform,
Livery,LIV-uh-ree,https://dictionary.cambridge.org/dictionary/english/livery,Servant's uniform,
Loggia,LO-jee-uh,https://dictionary.cambridge.org/dictionary/english/loggia,An open-sided gallery or corridor,
Loquacious,low-kway-shus,https://dictionary.cambridge.org/dictionary/english/loquacious,Talkative,
Lorgnette,lorn-YET,https://dictionary.cambridge.org/dictionary/english/lorgnette,Hand-held eyeglasses on a handle,
Loughborough,LUFF-bruh,https://dictionary.cambridge.org/dictionary/english/loughborough,,
Luxury,LUK-shuh-ree,https://dictionary.cambridge.org/dictionary/english/luxury,Not 'lug-zhury',
Lyme Regis,LYME REE-jis,https://dictionary.cambridge.org/dictionary/english/lyme-regis,Austen coastal town,
Lyveden,LIV-den,https://dictionary.cambridge.org/dictionary/english/lyveden,Northamptonshire,
Madame,muh-DAM,https://dictionary.cambridge.org/dictionary/english/madame,Formal title; French,
Madeira,muh-DEER-uh,https://dictionary.cambridge.org/dictionary/english/madeira,"A fortified wine; ""muh-DEER-uh"" not ""mad-ay-ruh""",
Mademoiselle,MAD-mwah-ZEL,https://dictionary.cambridge.org/dictionary/english/mademoiselle,French: Often slurred to 'mam-zel' in fast dialogue,
Magdalen ,MAUD-lin (college). MAG-duh-lun(Bible),https://dictionary.cambridge.org/dictionary/english/magdalene,The college pronunciation. If it’s the biblical Mary: MAG-duh-lun. ,
Magdalene,MAUD-lin (college). MAG-duh-lun(Bible),https://dictionary.cambridge.org/dictionary/english/magdalene,The college pronunciation. If it’s the biblical Mary: MAG-duh-lun. ,
Magistrate,MAJ-iss-trayt,https://dictionary.cambridge.org/dictionary/english/magistrate,,
Magnanimous,mag-nan-ih-mus,https://dictionary.cambridge.org/dictionary/english/magnanimous,Generous/Forgiving,
Mainmast,MAYN-must,https://dictionary.cambridge.org/dictionary/english/mainmast,Soft 'must' ending,
Maintenance,MAYN-tuh-nunss,https://dictionary.cambridge.org/dictionary/english/maintenance,Three syllables; swallow the 'te',
Mainwaring,MAN-ner-ing,https://dictionary.cambridge.org/dictionary/english/mainwaring,,
Maître d'hôtel,MAY-truh doh-TEL,https://dictionary.cambridge.org/dictionary/english/maitre-d-hotel,The head of the household servants; more formal than 'steward',
Major,MAY-jer,https://dictionary.cambridge.org/dictionary/english/major,,
Marchioness,MARSH-un-ess,https://dictionary.cambridge.org/dictionary/english/marchioness,,
Marigold,MAR-ee-gold,https://dictionary.cambridge.org/dictionary/english/marigold,Ensure the 'i' is a quick 'ee' sound,
Marjoribanks,MARSH-banks,https://dictionary.cambridge.org/dictionary/english/marjoribanks,,
Marquess,MAR-kwis,https://dictionary.cambridge.org/dictionary/english/marquess,,
Marylebone,MAR-lee-bun,https://dictionary.cambridge.org/dictionary/english/marylebone,,
Mascarpone,mahs-kahr-POH-nay,https://dictionary.cambridge.org/dictionary/english/mascarpone,,
Masks,MAS-ks,https://dictionary.cambridge.org/dictionary/english/mask,,
Masquerade,mas-kuh-RAYD,https://dictionary.cambridge.org/dictionary/english/masquerade,False show or pretense,
Mastery,MASS-tree,https://dictionary.cambridge.org/dictionary/english/mastery,Two syllables (Long 'a' in British RP),
Matinée,mat-in-AY,https://dictionary.cambridge.org/dictionary/english/matinee,Relating to the morning (e.g. a morning gown),
Mauvaise honte,moh-VEZ OHNT,https://dictionary.cambridge.org/dictionary/english/mauvaise-honte,"Painful shyness or ""bad shame""",
Mauve,MOHV,https://dictionary.cambridge.org/dictionary/english/mauve,,
Mea culpa,may cul pah,https://dictionary.cambridge.org/dictionary/english/mea-culpa,Latin: My fault,
Measuring,MEZH-ring,https://dictionary.cambridge.org/dictionary/english/measuring,Two syllables,
Medicine ,MED-sun ,https://dictionary.cambridge.org/dictionary/english/medicine ,The British/Oxford standard is two syllables. Swallow the middle 'i' ,
Mélange,may-LAHNZH,https://dictionary.cambridge.org/dictionary/english/melange,A varied mixture (often used for crowds or fabrics),
Memoir ,MEM-wahr ,https://dictionary.cambridge.org/dictionary/english/memoir ,Ensure it doesn't sound like 'memory' ,
Memorable ,MEM-ruh-bul ,https://dictionary.cambridge.org/dictionary/english/memorable,Strictly three syllables ,
Memory,MEM-oh-ree,https://dictionary.cambridge.org/dictionary/english/memory,,
Ménage,may-NAHZH,https://dictionary.cambridge.org/dictionary/english/menage,A household or the members of a household,
Mendacity,men-dass-ih-tee,https://dictionary.cambridge.org/dictionary/english/mendacity,Untruthfulness,
Mésalliance,may-zal-ee-AHNSS,https://dictionary.cambridge.org/dictionary/english/mesalliance,A marriage with a person of 'inferior' social status,
Messuage,MESS-wij,https://dictionary.cambridge.org/dictionary/english/messuage,Dwelling house and land,
Metal,MET-ul,https://dictionary.cambridge.org/dictionary/english/metal,,
Meux,MEWKS,https://dictionary.cambridge.org/dictionary/english/meux,Famous brewery name,
Mews,MYOOZ,https://dictionary.cambridge.org/dictionary/english/mews,Stables with living quarters above,
Mezzanine,MET-suh-neen,https://dictionary.cambridge.org/dictionary/english/mezzanine,"A low story between two others; ""MET-suh"" not ""MEZZ-uh""",
Military,MIL-uh-tree,https://dictionary.cambridge.org/dictionary/english/military,Standard British compression,
Millinery,MIL-in-ree,https://dictionary.cambridge.org/dictionary/english/millinery,Three syllables (The hat-making trade),
Milngavie,mul-GUY,https://dictionary.cambridge.org/dictionary/english/milngavie,Scottish location,
Miniature,MIN-uh-cher,https://dictionary.cambridge.org/dictionary/english/miniature,Three syllables only,
Mirror,MEER-or,https://dictionary.cambridge.org/dictionary/english/mirror,,
Misanthrope,MIS-un-throhp,https://dictionary.cambridge.org/dictionary/english/misanthrope,A person who dislikes humankind (Often used for the Hero),
Miscellany,miss-SELL-uh-nee,https://dictionary.cambridge.org/dictionary/english/miscellany,Stress on second syllable in UK/Regency,
Mischievous,MIS-chiv-us,https://dictionary.cambridge.org/dictionary/english/mischievous,"Three syllables; never ""mis-cheev-ee-us""",
Miserable,MIZ-ruh-bul,https://dictionary.cambridge.org/dictionary/english/miserable,Three syllables,
Mnemonic,neh-MON-ik,https://dictionary.cambridge.org/dictionary/english/mnemonic,,
Modiste,mo-deest,https://dictionary.cambridge.org/dictionary/english/modiste,Dressmaker,
Moire,mwah-RAY,https://dictionary.cambridge.org/dictionary/english/moire,"Rippled silk; avoid ""moy-er""",
Molyneux,MOLL-ih-nyoo,https://dictionary.cambridge.org/dictionary/english/molyneux,Regency fashion/surname,
Monsieur,muh-SYUR,https://dictionary.cambridge.org/dictionary/english/monsieur,French: 'muh-SYUR' (Not 'mon-seer'),
Monsignor,mon-SEEN-yor,https://dictionary.cambridge.org/dictionary/english/monsignor,,
Montagu,MON-tuh-gyoo,https://dictionary.cambridge.org/dictionary/english/montagu,Noble family,
Moppet,MOP-it,https://dictionary.cambridge.org/dictionary/english/moppet,Endearing term for a child,
Morocco,muh-ROK-oh,https://dictionary.cambridge.org/dictionary/english/morocco,Fine goatskin leather for seats ,
Mortgage,MOR-gij,https://dictionary.cambridge.org/dictionary/english/mortgage,,
Mountain,MOWN-tun,https://dictionary.cambridge.org/dictionary/english/mountain,,
Mouthy,MOW-thee,https://dictionary.cambridge.org/dictionary/english/mouthy,,
Mowbray,MOH-bray,https://dictionary.cambridge.org/dictionary/english/mowbray,Noble family,
Muslin,muz-lin,https://dictionary.cambridge.org/dictionary/english/muslin,Fine cotton,
Mystery,MISS-tree,https://dictionary.cambridge.org/dictionary/english/mystery,Two syllables in high-level narration,
Naas,NAYSE,https://dictionary.cambridge.org/dictionary/english/naas,Irish location,
Nadir,NAY-deer,https://dictionary.cambridge.org/dictionary/english/nadir,Directly below,
Nankeen,nan-keen,https://dictionary.cambridge.org/dictionary/english/nankeen,Yellowish cotton,
Natural,NATCH-rul,https://dictionary.cambridge.org/dictionary/english/natural,Two syllables; avoid 'nat-u-ral',
Naturally,NACH-er-ul-lee,https://dictionary.cambridge.org/dictionary/english/naturally,,
Necessary,NESS-uh-sree,https://dictionary.cambridge.org/dictionary/english/necessary,Four syllables (NESS-uh-suh-ree) compressed to three,
Née,NAY,https://dictionary.cambridge.org/dictionary/english/nee,Originally named (used to denote a woman's maiden name),
Négligée,neg-li-ZHAY,https://dictionary.cambridge.org/dictionary/english/negligee,A woman's light dressing gown,
Negligible,NEG-li-juh-bul,https://dictionary.cambridge.org/dictionary/english/negligible,Small and unimportant,
Negus,nee-gus,https://dictionary.cambridge.org/dictionary/english/negus,Hot spiced wine,
Niche,NEESH,https://dictionary.cambridge.org/dictionary/english/niche,,
Nisi,NY-sy,https://dictionary.cambridge.org/dictionary/english/nisi,Long 'i' sounds,
Noblesse oblige,noh-BLESS oh-BLEEZH,https://dictionary.cambridge.org/dictionary/english/noblesse-oblige,The inferred obligation of high rank to be honorable,
Nom de guerre,NOM duh GAIR,https://dictionary.cambridge.org/dictionary/english/nom-de-guerre,An assumed name; a pseudonym,
Nouveau riche,noo-voh REESH,https://dictionary.cambridge.org/dictionary/english/nouveau-riche,People who have recently acquired wealth; derogatory,
Nuclear,NEW-klee-er,https://dictionary.cambridge.org/dictionary/english/nuclear,,
Nursery,NUR-sree,https://dictionary.cambridge.org/dictionary/english/nursery,Two syllables,
Obloquy,OB-luh-kwee,https://dictionary.cambridge.org/dictionary/english/obloquy,Stress on 1st syllable,
Obsequious,ub-seek-wee-us,https://dictionary.cambridge.org/dictionary/english/obsequious,Servile/Fawning,
Offering,OFF-ring,https://dictionary.cambridge.org/dictionary/english/offering,Two syllables,
Often,Off-en,https://dictionary.cambridge.org/dictionary/english/often,silent t,
Onerous,OH-ner-uss,https://dictionary.cambridge.org/dictionary/english/onerous,Long 'o' (rhymes with owner),
Opera,OP-ruh,https://dictionary.cambridge.org/dictionary/english/opera,Two syllables; strictly 'OP-ruh',
Ophthalmology,off-thal-MOL-uh-jee,https://dictionary.cambridge.org/dictionary/english/ophthalmology,The first 'ph' is an 'f' sound,
Opiate,OH-pee-ut,https://dictionary.cambridge.org/dictionary/english/opiate,Three distinct syllables,
Ordinary,ORD-nree,https://dictionary.cambridge.org/dictionary/english/ordinary,Three syllables (Standard British swallow),
Ordnance,ORD-nunss,https://dictionary.cambridge.org/dictionary/english/ordnance,Military weaponry (not ordinance),
Orgeat,OR-zhat,https://dictionary.cambridge.org/dictionary/english/orgeat,Almond-flavored syrup,
Orientation,or-ee-en-TAY-shun,https://dictionary.cambridge.org/dictionary/english/orientation,,
Ormolu,OR-muh-loo,https://dictionary.cambridge.org/dictionary/english/ormolu,Gilded bronze used for decorating furniture/clocks,
Ostensibly,oss-TEN-sih-blee,https://dictionary.cambridge.org/dictionary/english/ostensibly,,
Ouless,YOO-less,https://dictionary.cambridge.org/dictionary/english/ouless,Channel Island name,
Outré,oo-TRAY,https://dictionary.cambridge.org/dictionary/english/outre,Passing the bounds of what is usual or proper; eccentric,
Pall Mall,PELL-MELL,https://dictionary.cambridge.org/dictionary/english/pall-mall,, 
Paltry,PAL-tree,https://dictionary.cambridge.org/dictionary/english/paltry,,
Pantaloon,pan-tuh-loon,https://dictionary.cambridge.org/dictionary/english/pantaloons,Trousers,
Paradigm,PAIR-uh-dyme,https://dictionary.cambridge.org/dictionary/english/paradigm,,
Parliament ,PAR-luh-munt ,https://dictionary.cambridge.org/dictionary/english/parliament ,Three syllables. The second 'i' is silent ,
Parliamentary,par-luh-MEN-tree,https://dictionary.cambridge.org/dictionary/english/parliamentary,Four syllables (Swallow the 'a'),
Parlor,PAR-lur,https://dictionary.cambridge.org/dictionary/english/parlor,Two syllables; ensure a crisp 'r',
Parquet,PAR-kay,https://dictionary.cambridge.org/dictionary/english/parquet,Flooring of inlaid wood in geometric patterns,
Parsimony,par-sih-mun-ee,https://dictionary.cambridge.org/dictionary/english/parsimony,Extreme stinginess,
Particularly,par-tik-yuh-LAR-lee,https://dictionary.cambridge.org/dictionary/english/particularly,,
Parvenu,PAR-vuh-noo,https://dictionary.cambridge.org/dictionary/english/parvenu,A person of obscure origin who has gained wealth,
Pas de deux,PAH duh DUH,https://dictionary.cambridge.org/dictionary/english/pas-de-deux,"A dance for two; used metaphorically for a social ""dance""",
Passementerie,pass-MEN-tree,https://dictionary.cambridge.org/dictionary/english/passementerie,Fancy braid or fringe trim ,
Pâté,pah-TAY,https://dictionary.cambridge.org/dictionary/english/pate,A rich savory paste made from meat or fish,
Peckham,PEK-um,https://dictionary.cambridge.org/dictionary/english/peckham,,
Pecuniary,peh-kyoon-ee-airy,https://dictionary.cambridge.org/dictionary/english/pecuniary,Relating to money,
Peignoir,PAY-nwahr,https://dictionary.cambridge.org/dictionary/english/peignoir,"A woman's light dressing gown; ""PAY-nwahr""",
Pelisse,puh-leess,https://dictionary.cambridge.org/dictionary/english/pelisse,Outer garment,
Pepys,PEEPS,https://dictionary.cambridge.org/dictionary/english/pepys,,
Peremptorily,puh-REMP-tuh-ruh-lee,https://dictionary.cambridge.org/dictionary/english/peremptorily,Commanding manner,
Petit-maître,puh-TEE-MET-ruh,https://dictionary.cambridge.org/dictionary/english/petit-maitre,"A dandy or fop; literally ""little master""",
Petticoats,PET-ee-kohts,https://dictionary.cambridge.org/dictionary/english/petticoat,Standard Regency undergarment,
Phaeton,FAY-tun,https://dictionary.cambridge.org/dictionary/english/phaeton,The carriage,
Phantasmagoria,fan-taz-muh-GOR-ee-uh,https://dictionary.cambridge.org/dictionary/english/phantasmagoria,A sequence of real or imaginary images,
Pho,FUH,https://dictionary.cambridge.org/dictionary/english/pho,,
Physic,fizz-ick,https://dictionary.cambridge.org/dictionary/english/physic,Medicine,
Pianoforte,pee-an-oh-FOR-tay,https://dictionary.cambridge.org/dictionary/english/pianoforte,Keyboard instrument,
Piccalilli,pik-uh-LIL-ee,https://dictionary.cambridge.org/dictionary/english/piccalilli,Pickled vegetables,
Pied-à-terre,pee-AY-dah-TARE,https://dictionary.cambridge.org/dictionary/english/pied-a-terre,A small secondary lodging (usually in the city),
Pier glass,PEER glass,https://dictionary.cambridge.org/dictionary/english/pier-glass,Large wall mirror between windows,
Piquant,PEE-kunt,https://dictionary.cambridge.org/dictionary/english/piquant,Pleasantly stimulating or sharp (Often describing a heroine),
Plymouth,PLIM-uth,https://dictionary.cambridge.org/dictionary/english/plymouth,,
Poetry,POH-uh-tree,https://dictionary.cambridge.org/dictionary/english/poetry,Often two syllables in period verse (POH-tree),
Poignant ,POYN-yunt ,https://dictionary.cambridge.org/dictionary/english/poignant ,Silent 'g' ,
Pole-Carew,pool-KAY-ree,https://dictionary.cambridge.org/dictionary/english/carew,,
Police,puh-LEESS,https://dictionary.cambridge.org/dictionary/english/police,"Regency context; avoid American ""PO-leece""",
Ponsonby,PUN-sun-bee,https://dictionary.cambridge.org/dictionary/english/ponsonby,Whig political family,
Pontefract,PUM-fret,https://dictionary.cambridge.org/dictionary/english/pontefract,Historical Regency pronunciation; 'PUM-fret',
Portico,por-tih-ko,https://dictionary.cambridge.org/dictionary/english/portico,Columned porch,
Portière,por-TYAIR,https://dictionary.cambridge.org/dictionary/english/portiere,A heavy curtain hung over a door or doorway,
Portmanteau,port-MAN-toe,https://dictionary.cambridge.org/dictionary/english/portmanteau,,
Posthumous,POSS-choo-mus,https://dictionary.cambridge.org/dictionary/english/posthumous,,
Postilion,pos-TIL-yun,https://dictionary.cambridge.org/dictionary/english/postilion,The man who guides the carriage horses,
Precedence,PRESS-ih-dens,https://dictionary.cambridge.org/dictionary/english/precedence,,
Precepts,PREE-septs,https://dictionary.cambridge.org/dictionary/english/precept,General rules of behavior,
Preferable,PREF-ruh-bul (British),https://dictionary.cambridge.org/dictionary/english/preferable,Stress on first syllable,
Preferably,PREF-ruh-bly (British),https://dictionary.cambridge.org/pronunciation/english/preferably,,
Preference,PREF-runss,https://dictionary.cambridge.org/dictionary/english/preference,Two syllables; swallow the middle 'e',
Prescient,PRESH-ee-unt,https://dictionary.cambridge.org/dictionary/english/prescient,SH' sound (not 'pree-shant'),
Preservative,pruh-ZUR-vuh-tiv,https://dictionary.cambridge.org/dictionary/english/preservative,Four syllables; avoid 'pre-serv-uh-tive',
Prestigious ,press-TI-juss ,https://dictionary.cambridge.org/dictionary/english/prestigious ,"Three syllables. Note the short ""i"" in the middle, unlike the long ""ee"" in prestige. ",
Preventive,pree-VEN-tiv,https://dictionary.cambridge.org/dictionary/english/preventive,,
Prideaux,PREE-doh,https://dictionary.cambridge.org/dictionary/english/prideaux,Cornish name,
Primary,PRY-mree,https://dictionary.cambridge.org/dictionary/english/primary,Two syllables in high-style British,
Privacy ,PRIV-uh-see ,https://dictionary.cambridge.org/dictionary/english/privacy ,"In a British/Regency context, use the short 'i'. (Rhymes with ""shiv"") ",
Probably,PROB-uh-blee,https://dictionary.cambridge.org/dictionary/english/probably,,
Profligate,prof-lih-gut,https://dictionary.cambridge.org/dictionary/english/profligate,Wasteful/Licentious,
Pronunciation ,pro-NUN-ciation ,https://dictionary.cambridge.org/dictionary/english/pronunciation,,
Propriety,pro-pry-uh-tee,https://dictionary.cambridge.org/dictionary/english/propriety,Correct behavior,
Prosperous,PROSS-pruh-runss,https://dictionary.cambridge.org/dictionary/english/prosperous,Two syllables (Swallow the 'er'),
Providential,prov-ih-DEN-shul,https://dictionary.cambridge.org/dictionary/english/providential,"Occurring at a favorable time; ""seemed providential"" (Ch 22)",
Prowess,PROW-ess,https://dictionary.cambridge.org/dictionary/english/prowess,,
Pseudonym,SOO-duh-nim,https://dictionary.cambridge.org/dictionary/english/pseudonym,,
Puisne,PYOO-nee,https://dictionary.cambridge.org/dictionary/english/puisne,Means 'junior' rank; sounds like 'puny',
Puissant,PWIS-unt,https://dictionary.cambridge.org/dictionary/english/puissant,Two syllables (French-derived),
Punctilious,punk-til-ee-us,https://dictionary.cambridge.org/dictionary/english/punctilious,Detail-oriented,
Pytchley,PYE-chlee,https://dictionary.cambridge.org/dictionary/english/pytchley,Famous hunt name,
Quadrille,kwuh-drill,https://dictionary.cambridge.org/dictionary/english/quadrille,Square dance,
Quatrefoil,KAT-ruh-foyl,https://dictionary.cambridge.org/dictionary/english/quatrefoil,An ornamental design of four lobes (like a leaf/flower),
Quay,KEE,https://dictionary.cambridge.org/dictionary/english/quay,,
Querulous,kwair-yoo-lus,https://dictionary.cambridge.org/dictionary/english/querulous,Complaining,
Quinoa,KEEN-wah,https://dictionary.cambridge.org/dictionary/english/quinoa,,
Quinze,canz,https://dictionary.cambridge.org/dictionary/french-english/quinze,The card game,
Quixote ,KWIK-sut ,https://dictionary.cambridge.org/dictionary/english/quixotic ,,
Radiometry,ray-dee-OM-uh-tree,https://dictionary.cambridge.org/dictionary/english/radiometry,Measurement of radiation,
Ragout,ra-GOO,https://dictionary.cambridge.org/dictionary/english/ragout,A highly seasoned meat stew with vegetables,
Raleigh,RAW-lee,https://dictionary.cambridge.org/dictionary/english/raleigh,Historical name,
Ranelagh,RAN-uh-luh,https://dictionary.cambridge.org/dictionary/english/ranelagh,Famous pleasure gardens,
Rapprochement,ra-PROHSH-mahn,https://dictionary.cambridge.org/dictionary/english/rapprochement,"The establishment of harmonious relations (vital for the ""Happy Ever After"")",
Raspberry,RAZ-ber-ee,https://dictionary.cambridge.org/dictionary/english/raspberry,,
Ratafia,rat-uh-fee-uh,https://dictionary.cambridge.org/dictionary/english/ratafia,Fruit liqueur,
Reading,RED-ing,https://dictionary.cambridge.org/dictionary/english/reading,,
Realtor,REEL-tor,https://dictionary.cambridge.org/dictionary/english/realtor,,
Reasonable,REEZ-nuh-bul,https://dictionary.cambridge.org/dictionary/english/reasonable,Three syllables; swallow the 'on',
Recovering,ruh-KUV-ring,https://dictionary.cambridge.org/dictionary/english/recovering,Three syllables,
Rector,REK-tor,https://dictionary.cambridge.org/dictionary/english/rector,,
Recuperated,ri-KOO-puh-ray-tid,https://dictionary.cambridge.org/dictionary/english/recuperate,Recovered from illness,
Reference,REF-runss,https://dictionary.cambridge.org/dictionary/english/reference,Two syllables; swallow the middle 'e',
Regularly,reg-yuh-LAR-lee,https://dictionary.cambridge.org/dictionary/english/regularly,,
Remonstrate,ri-MON-strayt,https://dictionary.cambridge.org/dictionary/english/remonstrate,,
Rendezvous,RON-day-voo,https://dictionary.cambridge.org/dictionary/english/rendezvous,,
Respectfully,re-SPEKT-ful-lee,https://dictionary.cambridge.org/dictionary/english/respectfully,,
Respite,Res-pit,https://dictionary.cambridge.org/dictionary/english/respite,Common 'long-I' trap,
Reticule,RET-ih-kyool,https://dictionary.cambridge.org/dictionary/english/reticule,,
Rhetorical,ruh-TOR-ih-kul,https://dictionary.cambridge.org/dictionary/english/rhetorical,Ensure four distinct syllables,
Rievaulx,REE-voh,https://dictionary.cambridge.org/dictionary/english/rievaulx,Abbey name,
Rill,RIL,https://dictionary.cambridge.org/dictionary/english/rill,Small stream,
Rococo,ruh-KOH-koh,https://dictionary.cambridge.org/dictionary/english/rococo,Ornate architectural style,
Rotten Row,rhymes with LOW,https://dictionary.cambridge.org/dictionary/english/row,Hyde Park track,
Roué,roo-AY,https://dictionary.cambridge.org/dictionary/english/roue,A debauched man; a rake (Key character type),
Row,If a fight: rhymes with COW,https://dictionary.cambridge.org/dictionary/english/row,A noisy quarrel,
Rowdy,ROW-dee,https://dictionary.cambridge.org/dictionary/english/rowdy,,
Rowel,ROW-ul,https://dictionary.cambridge.org/dictionary/english/rowel,The spiked wheel on a spur; rhymes with 'towel',
Ruislip,RYE-slip,https://dictionary.cambridge.org/dictionary/english/ruislip,,
Rural,ROOR-ul,https://dictionary.cambridge.org/dictionary/english/rural,,
Ruthven,RIV-en,https://dictionary.cambridge.org/dictionary/english/ruthven,Surname ,
Sackville,SAK-vil,https://dictionary.cambridge.org/dictionary/english/sackville,Noble family,
Sagacity,suh-gas-ih-tee,https://dictionary.cambridge.org/dictionary/english/sagacity,Wisdom,
Salary,SAL-ree,https://dictionary.cambridge.org/dictionary/english/salary,Two syllables,
Salisbury,SAWLS-bree,https://dictionary.cambridge.org/dictionary/english/salisbury,Cathedral town,
Salmon,SAM-un,https://dictionary.cambridge.org/dictionary/english/salmon,,
Salubrious,suh-loo-bree-us,https://dictionary.cambridge.org/dictionary/english/salubrious,Healthy,
Sandys,SANDS,https://dictionary.cambridge.org/dictionary/english/sandys,Surname,
Sang-froid,SAHN-FRWAH,https://dictionary.cambridge.org/dictionary/english/sang-froid,Composure or coolness in a trying situation,
Sanguine,SANG-gwin,https://dictionary.cambridge.org/dictionary/english/sanguine,Optimistic or positive (especially in a bad situation),
Sarcenet,SARS-nit,https://dictionary.cambridge.org/dictionary/english/sarcenet,Common silk fabric,
Savoir-faire,sav-wahr-FAIR,https://dictionary.cambridge.org/dictionary/english/savoir-faire,The ability to act appropriately in social situations,
Savoring,SAY-vring,https://dictionary.cambridge.org/dictionary/english/savoring,Two syllables,
Scenery,SEEN-ree,https://dictionary.cambridge.org/dictionary/english/scenery,Two syllables,
Schedule ,SHED-yool ,https://dictionary.cambridge.org/dictionary/english/schedule ,"In a Regency or British-inflected context, use the ""sh"" start ",
Scherzo,SKER-tsoh,https://dictionary.cambridge.org/dictionary/english/scherzo,SK' sound (Italian),
Schism,SIZ-um,https://dictionary.cambridge.org/dictionary/english/schism,The 'ch' is silent,
Sconce,skonts,https://dictionary.cambridge.org/dictionary/english/sconce,Wall light,
Scone,SKOON,https://dictionary.cambridge.org/dictionary/english/scone,Stone of Destiny (not food),
Scullery,skull-er-ee,https://dictionary.cambridge.org/dictionary/english/scullery,Back kitchen,
Seaming,SEEM-ing,https://dictionary.cambridge.org/dictionary/english/seam,Decorative cord or welt ,
Secondary,SEK-un-dree,https://dictionary.cambridge.org/dictionary/english/secondary,Swallowed syllable (SEK-un-dree),
Sentence,SEN-tens,https://dictionary.cambridge.org/dictionary/english/sentence,,
Separate,SEP-rut,https://dictionary.cambridge.org/dictionary/english/separate,Adjective is two syllables; swallow the 'a',
Separately,SEP-uh-rut-lee,https://dictionary.cambridge.org/dictionary/english/separately,,
Sergeant,SAR-junt,https://dictionary.cambridge.org/dictionary/english/sergeant,,
Settee,seh-tee,https://dictionary.cambridge.org/dictionary/english/settee,Sofa,
Several,SEV-rul,https://dictionary.cambridge.org/dictionary/english/several,Two syllables; never 'sev-er-al',
Sherbet,SHUR-bet,https://dictionary.cambridge.org/dictionary/english/sherbet,,
Shower,SHOW-er,https://dictionary.cambridge.org/dictionary/english/shower,,
Shrewsbury,SHROHZ-bree,https://dictionary.cambridge.org/dictionary/english/shrewsbury,The posh way (Regency standard),
Shuddering,SHUD-ring,https://dictionary.cambridge.org/dictionary/english/shuddering,Two syllables,
Sire,SY-er,https://dictionary.cambridge.org/dictionary/english/sire,,
Sixths,SIK-sths,https://dictionary.cambridge.org/dictionary/english/sixth,,
Slaithwaite,SLOW-it,https://dictionary.cambridge.org/dictionary/english/slaithwaite,Yorkshire town,
Slandering,SLAN-dring,https://dictionary.cambridge.org/dictionary/english/slandering,Two syllables (Scandal/Gossip),
Slough,slow (as in cow),https://dictionary.cambridge.org/dictionary/english/slough,A swamp or mire,
Snarl,SNARL,https://dictionary.cambridge.org/dictionary/english/snarl,,
Soigné,swahn-YAY,https://dictionary.cambridge.org/dictionary/english/soigne,Well-groomed; elegantly maintained,
Soirees,swah-RAYZ,https://dictionary.cambridge.org/dictionary/english/soiree,Social gatherings; French,
Solder,SOD-er,https://dictionary.cambridge.org/dictionary/english/solder,"Pronounced ""SOD-er"" in US; ""SOL-der"" in UK",
Solicitor,suh-LISS-it-er,https://dictionary.cambridge.org/dictionary/english/solicitor,,
Sommesby,SUMZ-bee,https://dictionary.cambridge.org/dictionary/english/sommesby,The Duke's name; crisp 's' sounds,
Sotto voce,SOT-toh VOH-chay,https://dictionary.cambridge.org/dictionary/english/sotto-voce,"Italian for ""under the breath""; used for intimate whispers",
Sough,sow (as in cow),https://dictionary.cambridge.org/dictionary/english/sough,The sound of wind,
Sour,SOW-er,https://dictionary.cambridge.org/dictionary/english/sour,,
Southwark,SUTH-erk,https://dictionary.cambridge.org/dictionary/english/southwark,London district,
Sovereign,suv-rin,https://dictionary.cambridge.org/dictionary/english/sovereign,Gold coin,
Specially,SPESH-lee,https://dictionary.cambridge.org/dictionary/english/specially,Two syllables (Swallow the 'ia'),
Spectroscopy,spek-TROS-kuh-pee,https://dictionary.cambridge.org/dictionary/english/spectroscopy,Note the 'O' stress,
Spiritual,SPIR-it-choo-ul,https://dictionary.cambridge.org/dictionary/english/spiritual,Four syllables; avoid 'spir-it-chul',
Sprezzatura,spret-suh-TOO-ruh,https://dictionary.cambridge.org/dictionary/english/sprezzatura,"Italian term for ""studied carelessness"" often used in Regency fashion",
Squab,skwob,https://dictionary.cambridge.org/dictionary/english/squab,A stuffed cushion or carriage seatback,
Sriracha,sree-RAH-chuh,https://dictionary.cambridge.org/dictionary/english/sriracha,,
St. Clair,SIN-clair,https://dictionary.cambridge.org/dictionary/english/st-clair,,
St. John,SIN-jun,https://dictionary.cambridge.org/dictionary/english/st-john,Aristocratic surname,
Stationery,STAY-shun-ree,https://dictionary.cambridge.org/dictionary/english/stationery,Three syllables; swallow the 'er',
Status,STAY-tuss,https://dictionary.cambridge.org/dictionary/english/status,Long 'a' is primary,
Stays,stayz,https://dictionary.cambridge.org/dictionary/english/stays,Corset,
Steel,STEE-ul,https://dictionary.cambridge.org/dictionary/english/steel,,
Steward,STYOO-erd,https://dictionary.cambridge.org/dictionary/english/steward,,
Stochastic ,stuh-KAS-tik ,https://dictionary.cambridge.org/dictionary/english/stochastic,"The ""ch"" is a 'k' sound ",
Stomachic,stum-AK-ik,https://dictionary.cambridge.org/dictionary/english/stomachic,Regency medicinal term,
Strachan,STRAWN,https://dictionary.cambridge.org/dictionary/english/strachan,Scottish name,
Streatham,STRET-um,https://dictionary.cambridge.org/dictionary/english/streatham,,
Strengths,STRENG-ths,https://dictionary.cambridge.org/dictionary/english/strength,,
Subpoena,suh-PEE-nuh,https://dictionary.cambridge.org/dictionary/english/subpoena,Silent 'b',
Subtle,SUT-ul,https://dictionary.cambridge.org/dictionary/english/subtle,,
Succumbed,suh-KUMD,https://dictionary.cambridge.org/dictionary/english/succumb,Failed to resist disease/pressure,
Suffering,SUF-ring,https://dictionary.cambridge.org/dictionary/english/suffering,Two syllables; avoid 'suf-fer-ing',
Suffusing,suh-FYOO-zing,https://dictionary.cambridge.org/dictionary/english/suffuse,Gradually spreading through,
Summary,SUM-ree,https://dictionary.cambridge.org/dictionary/english/summary,Two syllables,
Sundering,SUN-dring,https://dictionary.cambridge.org/dictionary/english/sundering,Two syllables (Poetic/Archaic),
Supercilious,soo-per-sill-ee-us,https://dictionary.cambridge.org/dictionary/english/supercilious,Arrogant,
Superfluous ,soo-PUR-floo-uss ,https://dictionary.cambridge.org/dictionary/english/superfluous ,"Four syllables. Avoid the trap of saying ""super-flu-us. ",
Surtout,sur-TOO,https://dictionary.cambridge.org/dictionary/english/surtout,Either a man's greatcoat or a large silver centerpiece,
Sycophant,sick-uh-funt,https://dictionary.cambridge.org/dictionary/english/sycophant,Crawl/Flatterer,
Sycophantic,Sick-uh-funt-ic,https://dictionary.cambridge.org/dictionary/english/sycophant,,
Syllabub,SIL-uh-bub,https://dictionary.cambridge.org/dictionary/english/syllabub,A whipped cream dessert flavored with wine or cider,
Tableau vivant,TAB-loh vee-VAHN,https://dictionary.cambridge.org/dictionary/english/tableau-vivant,"A silent  motionless ""living picture"" (Regency party game)",
Taciturn,tass-ih-turn,https://dictionary.cambridge.org/dictionary/english/taciturn,Quiet/Reserved,
Tarlatan,TAR-luh-tun,https://dictionary.cambridge.org/dictionary/english/tarlatan,,
Tarried,tair-eed,https://dictionary.cambridge.org/dictionary/english/tarry,Lingered,
Tasks,TAS-ks,https://dictionary.cambridge.org/dictionary/english/task,,
Tattersall's,TAT-er-sulz,https://dictionary.cambridge.org/dictionary/english/tattersalls,London horse market,
Tecs,TEKS,https://dictionary.cambridge.org/dictionary/english/tecs,"Regency slang for ""detectives""",
Teignmouth,TIN-muth,https://dictionary.cambridge.org/dictionary/english/teignmouth,,
Temperature,TEM-pruh-chur,https://dictionary.cambridge.org/dictionary/english/temperature,,
Tenantry,ten-un-tree,https://dictionary.cambridge.org/dictionary/english/tenantry,Group of tenants,
Tenet,TEN-it,https://dictionary.cambridge.org/dictionary/english/tenet,,
Tenterhooks,TEN-ter-hooks,https://dictionary.cambridge.org/dictionary/english/tenterhook,In suspense,
Tête,tet,https://dictionary.cambridge.org/dictionary/french-english/tete,French for head,
Tete-a-tete,TET-ah-TET,https://dictionary.cambridge.org/dictionary/english/tete-a-tete,A private conversation between two people,
Tête-à-tête,TET-ah-TET,https://dictionary.cambridge.org/dictionary/english/tete-a-tete,A private conversation between two people,
Tête-de-cuvée,TET duh KOO-vay,https://dictionary.cambridge.org/dictionary/english/tete-de-cuvee,"The ""best of the best"" (usually wine but used for the Ton)",
Thames,TEMZ,https://dictionary.cambridge.org/dictionary/english/thames,,
Theobald,TIB-uld,https://dictionary.cambridge.org/dictionary/english/theobald,Common first/surname,
Thistle,THIS-ul,https://dictionary.cambridge.org/dictionary/english/thistle,,
Ticklish,TIK-lish,https://dictionary.cambridge.org/dictionary/english/ticklish,,
Tignon,TEEN-yon,https://dictionary.cambridge.org/dictionary/english/tignon,A type of headscarf or turban; watch the 'gn' sound,
Tinderbox,tin-der-box,https://dictionary.cambridge.org/dictionary/english/tinderbox,Fire starter,
Toff,TOF,https://dictionary.cambridge.org/dictionary/english/toff,Slang for a person of high social standing,
Toilette,twah-LET,https://dictionary.cambridge.org/dictionary/english/toilette,The process of washing and dressing,
Tolerable,TOL-ruh-bul,https://dictionary.cambridge.org/dictionary/english/tolerable,Three syllables (common in Austen),
Tollemache,TOL-mash,https://dictionary.cambridge.org/dictionary/english/tollemache,Old family name,
Ton,TAHN,https://dictionary.cambridge.org/dictionary/english/ton,"High society; never rhymes with ""sun""",
Tottenham,TOT-num,https://dictionary.cambridge.org/dictionary/english/tottenham,,
Tottering,TOT-ring,https://dictionary.cambridge.org/dictionary/english/tottering,Two syllables (Often used for aging characters),
Tousle,TOW-zul,https://dictionary.cambridge.org/dictionary/english/tousle,To mess up (hair),
Tousled,TOW-zuld,https://dictionary.cambridge.org/dictionary/english/tousle,Messy appearance,
Towcester,TOE-ster,https://dictionary.cambridge.org/dictionary/english/towcester,,
Towering,TOW-er-ing,https://dictionary.cambridge.org/dictionary/english/towering,,
Traveler,TRAV-lur,https://dictionary.cambridge.org/dictionary/english/traveler,Two syllables,
Treachery,TRECH-ree,https://dictionary.cambridge.org/dictionary/english/treachery,Two syllables,
Treasury,TREZH-ree,https://dictionary.cambridge.org/dictionary/english/treasury,Two syllables,
Tredegar,truh-DEE-gur,https://dictionary.cambridge.org/dictionary/english/tredegar,Welsh estate,
Trefusis,truh-FYOO-sis,https://dictionary.cambridge.org/dictionary/english/trefusis,Cornish name,
Trepidation,trep-ih-day-shun,https://dictionary.cambridge.org/dictionary/english/trepidation,Fear/Apprehension,
Tresses,TRESS-iz,https://dictionary.cambridge.org/dictionary/english/tress,A woman's long hair,
Triathlon,try-ATH-lon,https://dictionary.cambridge.org/dictionary/english/triathlon,No 'a' in the middle (not tri-ath-a-lon),
Trompe l’oeil,TROMP LOY,https://dictionary.cambridge.org/dictionary/english/trompe-l-oeil,Art technique creating an optical illusion of 3D,
Trousseau,TROO-soh,https://dictionary.cambridge.org/dictionary/english/trousseau,A bride's collection of clothing and linens,
Tufted,TUF-ted,https://dictionary.cambridge.org/dictionary/english/tufted,Button-pressed upholstery style,
Tulle,tool,https://dictionary.cambridge.org/dictionary/english/tulle,Fine netting,
Tumult,Too-mult,https://dictionary.cambridge.org/dictionary/english/tumult,Uproar,
Turmeric,TUR-mer-ik,https://dictionary.cambridge.org/dictionary/english/turmeric,,
Twelfths,TWELF-ths,https://dictionary.cambridge.org/dictionary/english/twelfth,,
Tyburn,TY-burn,https://dictionary.cambridge.org/dictionary/english/tyburn,London hanging site,
Uncomfortable,Un-KUM-fur-tuh-bul,https://dictionary.cambridge.org/dictionary/english/uncomfortable,,
Urquhart,ERK-ert,https://dictionary.cambridge.org/dictionary/english/urquhart,Scottish clan,
Usufruct,YOO-zoo-frukt,https://dictionary.cambridge.org/dictionary/english/usufruct,Right to use another's property,
Utmost,UT-mohst,https://dictionary.cambridge.org/dictionary/english/utmost,Ensure the 't' is crisp; avoid 'up-most',
Utterance,UT-runss,https://dictionary.cambridge.org/dictionary/english/utterance,Two syllables; avoid 'ut-ter-ance',
Uttoxeter,yoo-TOX-it-er,https://dictionary.cambridge.org/dictionary/english/uttoxeter,,
Valance,val-uns,https://dictionary.cambridge.org/dictionary/english/valance,Drapery,
Valet,"Regency era standard: VAL-it, american: VAL-ay",https://dictionary.cambridge.org/dictionary/english/valet,Regency era standard (not val-AY),
Valet de chambre,val-ay duh SHAHM-bruh,https://dictionary.cambridge.org/dictionary/english/valet-de-chambre,A personal male servant; the most intimate servant role,
Valse,VALSS,https://dictionary.cambridge.org/dictionary/english/valse,The French term for the Waltz; scandalous in the early Regency,
Valuable,VAL-yoo-bul,https://dictionary.cambridge.org/dictionary/english/valuable,Three syllables; avoid 'VAL-yoo-uh-bul',
Vane-Tempest,VAYN Temp ist,https://dictionary.cambridge.org/dictionary/english/tempest,Aristocratic surname,
Vauxhall,VOX-hall,https://dictionary.cambridge.org/dictionary/english/vauxhall,Famous pleasure gardens,
Vegetable,VEJ-tuh-bul,https://dictionary.cambridge.org/dictionary/english/vegetable,Three syllables; swallow the second 'e',
Venerate,ven-er-ayt,https://dictionary.cambridge.org/dictionary/english/venerate,Deep respect,
Venturing,VEN-tring,https://dictionary.cambridge.org/dictionary/english/venturing,Two syllables; common in travel descriptions,
Veterinary,VET-ruh-nree,https://dictionary.cambridge.org/dictionary/english/veterinary,Swallowed syllables (British standard),
Vicar,VIK-er,https://dictionary.cambridge.org/dictionary/english/vicar,,
Vicarage,VIK-er-ij,https://dictionary.cambridge.org/dictionary/english/vicarage,Short 'i' (rhymes with sticker),
Vice versa,VY-suh VUR-suh,https://dictionary.cambridge.org/dictionary/english/vice-versa,Four distinct syllables,
Vicissitudes,vih-SIS-ih-tyoodz,https://dictionary.cambridge.org/dictionary/english/vicissitude,Changes of fortune or circumstances (The plot of the book),
Victorious ,vik-TOR-ee-uss ,https://dictionary.cambridge.org/dictionary/english/victorious ,Don't swallow the 'ee' syllable ,
Victory,VIK-tree,https://dictionary.cambridge.org/dictionary/english/victory,Two syllables; avoid 'vik-tuh-ree',
Victuals,VIT-ulz,https://dictionary.cambridge.org/dictionary/english/victuals,Provisions/food,
Vignette,vin-YET,https://dictionary.cambridge.org/dictionary/english/vignette,A brief  evocative description or account,
Villiers,VILL-erz,https://dictionary.cambridge.org/dictionary/english/villiers,Avoid the French 'yay',
Vinaigrette,vin-uh-gret,https://dictionary.cambridge.org/dictionary/english/vinaigrette,Smelling salts box,
Vingt-et-un,VAN-tay-UN,https://dictionary.cambridge.org/dictionary/english/vingt-et-un,The card game '21'; never say 'vingt-ay-un',
Virulent,VEER-yuh-lunt,https://dictionary.cambridge.org/dictionary/english/virulent,Extremely severe or harmful,
Vis-a-vis,VEE-zah-VEE,https://dictionary.cambridge.org/dictionary/english/vis-a-vis,In relation to or face-to-face with,
Vis-à-vis,VEE-zah-VEE,https://dictionary.cambridge.org/dictionary/english/vis-a-vis,"Face to face; ""VEE-zah-VEE""",
Viscount,VY-count,https://dictionary.cambridge.org/dictionary/english/viscount,Silent 's',
Viscountess,VIE-count-ess,https://dictionary.cambridge.org/dictionary/english/viscountess,,
Vituperative,vy-TOO-per-uh-tiv,https://dictionary.cambridge.org/dictionary/english/vituperative,Bitter and abusive (Perfect for describing Claire),
Voluntary,VOL-un-tree,https://dictionary.cambridge.org/dictionary/english/voluntary,Three syllables; swallow the 'ta',
Vowel,VOW-ul,https://dictionary.cambridge.org/dictionary/english/vowel,,
Vulnerable,VUL-ner-uh-bul,https://dictionary.cambridge.org/dictionary/english/vulnerable,,
Waistcoat,WESS-kit,https://dictionary.cambridge.org/dictionary/english/waistcoat,Standard period pronunciation,
Walgrave,WOOL-grave,https://dictionary.cambridge.org/dictionary/english/walgrave,Northamptonshire,
Wandering,WAND-ring,https://dictionary.cambridge.org/dictionary/english/wandering,Two syllables; common in romantic descriptions,
Warwick,WOR-rick,https://dictionary.cambridge.org/dictionary/english/warwick,,
Watering,WAW-tring,https://dictionary.cambridge.org/dictionary/english/watering,Two syllables (as in 'Watering place' or Spa),
Weaponry,WEP-un-ree,https://dictionary.cambridge.org/dictionary/english/weaponry,Three syllables; don't over-enunciate the 'on',
Wemyss,WEEMS,https://dictionary.cambridge.org/dictionary/english/wemyss,Scottish title,
Whispering,WHISP-ring,https://dictionary.cambridge.org/dictionary/english/whispering,Two syllables (Drama/Secrets),
Whist,WIST,https://dictionary.cambridge.org/dictionary/english/whist,Regency card game,
Whistle,WHIS-ul,https://dictionary.cambridge.org/dictionary/english/whistle,,
Widths,WID-ths,https://dictionary.cambridge.org/dictionary/english/width,,
Willoughby,WILL-uh-bee,https://dictionary.cambridge.org/dictionary/english/willoughby,Austen character name,
Woburn,WOO-burn,https://dictionary.cambridge.org/dictionary/english/woburn,Abbey/Estate,
Woolwich,WOOL-itch,https://dictionary.cambridge.org/dictionary/english/woolwich,,
Worcestershire,WOOS-ter-sheer,https://dictionary.cambridge.org/dictionary/english/worcestershire,Swallow the middle syllables,
Worsted,WOOS-tid,https://dictionary.cambridge.org/dictionary/english/worsted,,
Wraiths,RAYTHS,https://dictionary.cambridge.org/dictionary/english/wraith,Ghostly images; sibilance check,
Wriggle,RIG-el,https://dictionary.cambridge.org/pronunciation/english/wriggle,Pronounce the “r”,
Wriggled,RIG-eld,https://dictionary.cambridge.org/pronunciation/english/wriggle,Pronounce the “r”,
Wriothesley,ROTZ-lee,https://dictionary.cambridge.org/dictionary/english/wriothesley,Ancient noble name,
Yacht,YOT,https://dictionary.cambridge.org/dictionary/english/yacht,,
Yeoman,YOH-mun,https://dictionary.cambridge.org/dictionary/english/yeoman,Rhymes with 'showman',
Yeovil,YOH-vil,https://dictionary.cambridge.org/dictionary/english/yeovil,Somerset town,
Yorkshire,YORK-sher,https://dictionary.cambridge.org/dictionary/english/yorkshire,Never 'shire' like the hobbits,
Your Ladyship,yor LAY-dee-ship,https://dictionary.cambridge.org/dictionary/english/ladyship,,
Zodiacal,zoh-DY-uh-kul,https://dictionary.cambridge.org/dictionary/english/zodiacal,Four syllables; stress on 'DY',
Zouche,ZOOCH,https://dictionary.cambridge.org/dictionary/english/zouche,Noble title,
